Author_of_Posts, Number_of_Posts, Average_Up_Votes
Unique Users -> 2688
CantTellifSerious , 3 , 28.333333333333332
williammc , 26 , 21.26923076923077
Sir_Marcus , 35 , 24.62857142857143
aescolanus , 16 , 20.0625
tomoyopop , 5 , 12.0
[deleted] , 101 , 33.801980198019805
Belleruche , 6 , 12.166666666666666
OthelloNYC , 14 , 8.214285714285714
ArchangelleEzekielle , 16 , 12.625
materialdesigner , 2 , 2.0
figbar , 1 , 2.0
jil_sander , 1 , 40.0
PhineasPhage , 4 , 6.0
DeliriumTW , 9 , 21.77777777777778
CressCrowbits , 2 , 22.0
lalilulelo09 , 7 , 14.857142857142858
LiterallyReddit , 1 , 8.0
fennnnario , 1 , 4.0
Fl3et , 1 , 17.0
sevenbridge , 6 , 16.166666666666668
IsThatJesus , 1 , 4.0
113245 , 1 , 2.0
AshleyYakeley , 9 , 9.333333333333334
RockDrill , 33 , 19.12121212121212
Aw_Man_A_Srster , 3 , 8.333333333333334
scorntroopers , 1 , 21.0
rejemy1017 , 2 , 31.5
srs_anon , 59 , 33.45762711864407
Vanse , 1 , 2.0
saintmorning10 , 3 , 10.666666666666666
TheFunDontStop , 35 , 18.942857142857143
TheKarmaFarma , 3 , 5.0
Betterthanher , 2 , 11.0
mofskaap , 2 , 33.5
Georgey_Boy , 4 , 17.0
eagletarian , 6 , 11.5
thinkythought , 10 , 9.3
ArchangelleRazielle , 1 , 2.0
Jess_than_three , 1 , 11.0
LastUsernameEver , 1 , 3.0
supercheetah , 20 , 12.25
itsalldark , 6 , 9.5
Entradano , 2 , 12.0
manuelmoeg , 1 , 4.0
BlackHumor , 44 , 24.954545454545453
oovoossaa , 1 , 24.0
Cant_Handel_my_swag , 1 , 14.0
kingdubp , 6 , 5.5
cleos , 17 , 12.823529411764707
PrincessMagnificent , 4 , 13.0
DIMBIS_DINDERBIN , 4 , 9.0
johnwalkr , 7 , 5.857142857142857
hiddenlakes , 25 , 18.4
Pomguo , 21 , 19.333333333333332
CatLadyLacquerista , 7 , 5.285714285714286
rocknrollercoaster , 1 , 1.0
ohnointernet , 6 , 9.666666666666666
PigeonMilk , 10 , 14.9
HertzaHaeon , 26 , 16.423076923076923
just-a-bird , 9 , 10.555555555555555
BZenMojo , 17 , 9.588235294117647
pokemonconspiracies , 7 , 16.0
tygertyger , 2 , 23.5
Dogmantra , 10 , 21.4
Fooleo , 3 , 7.333333333333333
mark10579 , 5 , 9.4
CisSexismAlert , 1 , 1.0
imacarpet , 1 , 5.0
borticus , 1 , 9.0
Kittenbee , 1 , 22.0
SarcasmUndefined , 9 , 18.444444444444443
FistofanAngryGoddess , 1 , 3.0
BananaVisit , 1 , 22.0
iyzie , 2 , 14.5
keakealani , 20 , 12.15
Thankful_Lez , 3 , 10.666666666666666
blah_blab_blah , 1 , 15.0
misandries , 6 , 3.3333333333333335
ameshaspenta , 1 , 12.0
elekron , 1 , 17.0
city_lights , 4 , 15.5
l33t_sas , 8 , 6.75
zero_fucks_to_give , 5 , 15.4
Augzodia , 2 , 12.0
Triptukhos , 10 , 19.3
kwykwy , 23 , 25.304347826086957
Chamiabac , 16 , 12.375
genderfucker , 23 , 15.130434782608695
Phoolf , 4 , 5.25
Quietuus , 29 , 21.06896551724138
endercoaster , 10 , 18.1
Phoenix1Rising , 4 , 19.75
carlfartlord , 2 , 9.5
mayfly42 , 1 , 5.0
MisterLemon , 5 , 18.8
bonemachines , 14 , 8.642857142857142
cpttim , 32 , 13.03125
lodesamoney , 2 , 1.5
lesbian_spinster , 11 , 14.454545454545455
invisiblecows , 5 , 13.2
IAMA_BRD , 9 , 10.444444444444445
pokie6 , 7 , 8.142857142857142
JonZ1618 , 1 , 3.0
gateway_rug , 1 , 0.0
changingstuff12 , 3 , 1.0
DNVDNVDNV , 6 , 28.0
unmitigated , 5 , 17.2
Meayow , 1 , 8.0
ArchangelleSyzygy , 8 , 11.75
brddespair , 1 , 5.0
hithazel , 1 , 30.0
Andraste733 , 2 , 17.0
trimalchio-worktime , 21 , 12.857142857142858
betsybobington , 1 , 23.0
ZerothLaw , 3 , 14.333333333333334
Firstasatragedy , 5 , 7.6
cykosys , 5 , 8.4
Owlofowls , 12 , 14.083333333333334
aworldanonymous , 2 , 15.5
secondhand_emotion , 5 , 12.8
wholetyouinhere , 1 , 6.0
FEMAcampcounselor , 2 , 65.5
thisoneagain , 3 , 6.333333333333333
TheIdesOfLight , 19 , 20.0
OtakuOlga , 26 , 12.115384615384615
MsPrynne , 11 , 15.272727272727273
blarghargh2 , 8 , 13.125
anon4382942 , 1 , -2.0
poffin , 7 , 4.0
gtnu , 4 , 1.0
inaholeintheground , 3 , 5.666666666666667
Ishiggidydiggidydo , 3 , 14.666666666666666
cf_torchie , 2 , 22.5
Boibi , 3 , 14.0
roymustang86 , 3 , 3.3333333333333335
GapingVaginaPatrol , 4 , 12.25
adam_returns , 2 , 10.5
cynest , 4 , 2.25
TheCyborganizer , 10 , 10.4
emupants , 1 , 11.0
RosieLalala , 3 , 11.0
heavyheaded3 , 1 , 10.0
markemer , 1 , 44.0
smarmodon , 15 , 15.866666666666667
morten_schwarzschild , 17 , 16.88235294117647
mmultiplier , 1 , 13.0
the_other_sock , 3 , 4.666666666666667
Rothaga1 , 3 , 2.3333333333333335
12--12--12 , 4 , 17.0
quickhorn , 3 , 13.0
tommorris , 1 , 6.0
JustAnotherQueer , 14 , 13.714285714285714
razzark666 , 5 , 13.4
RelationshipCreeper , 3 , 16.666666666666668
pistachioshell , 8 , 8.625
batkart , 1 , 11.0
jabbercocky , 2 , 47.5
2718281828 , 5 , 10.6
mincerray , 3 , 9.666666666666666
bi-curiousgeorge , 1 , 3.0
jamboreethecat , 1 , 2.0
Phiasmir , 3 , 19.666666666666668
wispyhavoc , 14 , 11.357142857142858
LinguistHere , 7 , 12.0
ConfuciusCubed , 2 , 14.0
NowhereNear , 1 , 18.0
beepboopbrd , 14 , 9.428571428571429
kairoszoe , 13 , 8.615384615384615
wnoise , 1 , 16.0
soulcolossus , 1 , 4.0
brebun , 1 , 29.0
nogken , 1 , 50.0
Glory2Hypnotoad , 6 , 14.833333333333334
butyourenice , 5 , 7.8
DearAmbellinaxx , 2 , 17.5
magicvaginaprincess , 1 , 17.0
hororo , 1 , 6.0
StevenSCGA , 4 , 4.5
JMV290 , 4 , 25.5
HoldingTheFire , 3 , 47.666666666666664
Please_send_baguette , 2 , 25.5
hairsecrets , 3 , 7.333333333333333
HugglesTheKitty , 6 , 9.333333333333334
Yazata , 1 , 7.0
radicalfree , 1 , 2.0
Gangnamed , 2 , 0.5
blueorpheus , 3 , 66.33333333333333
83fgo81celfh , 2 , 96.0
veritasv , 1 , 83.0
soadogs , 3 , 2.3333333333333335
zizuphon , 1 , 2.0
PaladinFTW , 4 , 65.25
awai_kakesu , 1 , 29.0
ent_bomb , 2 , 23.5
PixelDirigible , 9 , 13.555555555555555
RoboticParadox , 7 , 7.142857142857143
iluvgoodburger , 2 , 11.0
dpistheman , 1 , 0.0
FuchsiaGauge , 2 , 1.0
filo4000 , 1 , 24.0
dancon25 , 2 , 11.0
semiskimmedmilk , 5 , 7.4
poubelle , 8 , 12.875
casual_misandrist , 2 , 8.0
begoodtopeople , 6 , 5.833333333333333
Monkeyavelli , 7 , 16.142857142857142
mandymoo1890 , 2 , 7.5
Pyryara , 13 , 10.538461538461538
I_like_my_cat , 10 , 10.3
Shibariboy , 2 , 11.0
Sta-au , 3 , 4.333333333333333
3DimensionalGirl , 19 , 20.42105263157895
MISANDRYLADY , 1 , 13.0
whatwahwat , 1 , -2.0
ManicParroT , 2 , 18.0
RobotAndy , 7 , 14.857142857142858
dannihouse , 2 , 5.5
StonewallUprising , 1 , 2.0
bisbest , 1 , 7.0
SassyCommander , 1 , 3.0
colderthan , 1 , 5.0
ArchangelleGabrielle , 1 , 5.0
eine_person , 2 , 8.0
glass_table_girl , 2 , 3.0
NeoReality , 1 , 27.0
619shepard , 2 , 21.5
BerryDevotion , 5 , 9.0
Modthryth , 4 , 10.75
poalrburr , 1 , 10.0
Qlanth , 11 , 14.272727272727273
sensitivePornGuy , 6 , -1.5
Deseejay , 2 , 13.5
Miss_Andry , 8 , 9.625
afndale , 12 , 19.5
Scurvy_Space_Pirate , 3 , -0.3333333333333333
ingersoll322 , 1 , 16.0
isitart , 2 , 3.5
tears4brd , 12 , 12.166666666666666
porter23 , 1 , 16.0
shaosam , 3 , 1.0
DontPanicJustDance , 6 , 8.666666666666666
The_Big_Mang , 1 , 5.0
KPrimus , 4 , 18.0
techn0scho0lbus , 7 , 6.428571428571429
justin_timeforcake , 5 , 13.8
agaveamericana , 2 , 3.0
emmster , 2 , 4.0
kaminix , 3 , 3.6666666666666665
molecularmachine , 4 , 8.25
MittRomneysChampagne , 1 , 3.0
Mothbrights , 3 , 5.0
RodManmeat , 3 , 13.333333333333334
terra-and-luna , 1 , 1.0
Myu000 , 1 , 13.0
emjl , 3 , 6.0
robertskmiles , 1 , 6.0
RawheadAndBloodyBone , 3 , 4.333333333333333
allie-cat , 1 , 1.0
berlinbrown , 3 , 6.333333333333333
corntortilla , 2 , 19.0
NeckbeardNegligee , 14 , 13.5
1of42 , 2 , 1.5
d3f3nd , 8 , 6.5
MatrixFrog , 4 , 9.5
OffColorCommentary , 8 , 15.375
xiaorobear , 16 , 18.0
VegetablePaste , 1 , 11.0
MovesLikeBaggins , 1 , 3.0
NerdyChris , 1 , 13.0
bringredditdown , 2 , 23.5
The_Bravinator , 7 , 22.857142857142858
PumpkinDevourer , 1 , 1.0
atwaq , 8 , 12.125
Suzera , 2 , 3.5
stopaclock , 1 , 16.0
spww , 1 , 1.0
humB , 1 , 6.0
greenduch , 17 , 14.529411764705882
DILDOTRON2012 , 2 , 1.5
vishbar , 16 , 12.8125
Billy_Whiskers , 10 , 9.6
phtll , 12 , 12.583333333333334
Aiskhulos , 9 , 17.22222222222222
ratlater , 1 , 15.0
a_random_annoyance , 2 , 6.5
toogles , 4 , 5.0
blow_hard , 2 , 6.0
lookatmetype , 2 , 0.5
smeep , 1 , 1.0
Nark2020 , 13 , 9.23076923076923
snakebaconer , 8 , 6.0
Tuna-Fish2 , 8 , 20.5
reaganveg , 1 , 3.0
justforS , 1 , 1.0
SpeakMouthWords , 5 , 8.4
theTANbananas , 2 , 2.0
bluepomegranate , 1 , 16.0
MoistMartin , 1 , 1.0
hopeyouhaveagoodday , 2 , 2.0
bu12 , 3 , 44.666666666666664
Peepeejones , 5 , 15.6
HeelistheNewAntiHero , 3 , 7.0
nubyrd , 17 , 14.823529411764707
Tidorith , 14 , 10.285714285714286
cjw2211 , 5 , 7.2
taleofzero , 1 , 4.0
The_Wizard_of_Reddit , 2 , 16.5
limitedtotwentychars , 1 , 3.0
Gentleman_Anarchist , 1 , 17.0
sprinktron , 1 , 10.0
PeanutNore , 2 , 23.5
harryhalifax , 1 , 8.0
notatallsurprised , 1 , 8.0
maxthegeek1 , 2 , 9.0
AmandaWhisper , 5 , 6.8
Qoc_au_vin , 1 , 6.0
UrdnotMordin , 16 , 11.0
healthinsux , 1 , 0.0
BritishRedditor , 2 , 0.5
griffer00 , 1 , 0.0
utterlygodless , 2 , 30.0
pzanon , 1 , 29.0
20th_century_boy , 2 , 6.0
CheifTofuBrain , 1 , 2.0
justherelorustle , 7 , 7.285714285714286
strokey , 3 , 16.333333333333332
outwrangle , 7 , 15.285714285714286
Usernamesarebullshit , 1 , 1.0
stewedapples , 4 , 11.5
topoi , 6 , 10.666666666666666
radtransfem , 2 , 12.5
ministry_of_misandry , 3 , 8.333333333333334
Googleproof , 8 , 8.25
hamax , 1 , 13.0
middlespoon , 1 , 5.0
CydeWeys , 1 , 3.0
STEM_response , 5 , 7.2
ZenaLundgren , 1 , 2.0
LOLdolphins , 3 , 2.3333333333333335
JOJOFACE , 1 , 13.0
Raeko , 4 , 12.25
MildManneredFeminist , 1 , 12.0
DragonAdept , 1 , 0.0
skulgun , 2 , 4.5
Taylor_VenTell , 17 , 14.764705882352942
aspmaster , 11 , 11.181818181818182
TheBobTalbot , 1 , 1.0
FuzzyHappyBunnies , 1 , 24.0
SmokeyTheBear2701 , 3 , 8.0
int_argc , 9 , 9.444444444444445
pronhaul2012 , 2 , 24.0
260mg , 2 , 27.5
interiot , 9 , 14.88888888888889
Expat_lyfe , 1 , 7.0
BaduRainsDestruction , 1 , 6.0
TIA-RESISTANCE , 12 , 10.916666666666666
BlackjackChess , 2 , 4.0
mahler004 , 2 , 5.0
ArchangelleHanielle , 8 , 20.0
avdale , 3 , 13.0
MissCherryPi , 15 , 11.2
mardea , 7 , 10.857142857142858
sexrelatedqa , 14 , 11.214285714285714
1234sharks , 13 , 24.23076923076923
oneortheother , 1 , 9.0
themindset , 8 , 6.25
ForeverTimon , 3 , 7.0
hassan-i-sabbah , 11 , 7.7272727272727275
forthewar , 5 , 7.2
TheRthrow , 3 , 4.0
Ziggy55 , 3 , 3.3333333333333335
judithbutlerianjihad , 2 , 7.0
David_McGahan , 3 , 2.3333333333333335
Fillanzea , 15 , 25.133333333333333
schote , 2 , 1.0
thakaybee , 2 , 1.0
Thompson_S_Sweetback , 2 , 1.5
captainlavender , 12 , 14.416666666666666
tanplan , 2 , 4.5
greenpeace_donor , 5 , 14.4
SchlockExcess , 5 , 24.6
Suppiluliuma_I , 8 , 14.5
eggies , 10 , 16.7
possiblymaybejess , 2 , 9.0
goodzillo , 3 , 21.666666666666668
viriconium_nights , 5 , 6.0
Vried , 1 , 1.0
bobappleyard , 2 , 6.5
twix_face , 2 , 4.0
tellme2getoffreddit , 3 , 2.0
Aschoolofdolphins , 3 , 3.0
benthebearded , 4 , 15.5
flameohotwomyn , 2 , 4.0
katieway , 2 , 12.5
Gapwick , 1 , 67.0
JohannAlthan , 11 , 15.909090909090908
Hayleyk , 10 , 8.7
Story_Time , 1 , 7.0
sibtiger , 2 , 7.5
February12012 , 1 , 8.0
Clurk_Kant , 3 , 3.3333333333333335
GetOffMyInternetLawn , 2 , 5.5
cranberrykitten , 2 , 10.0
Keegsta , 3 , 2.0
Ryusko , 1 , 7.0
now-we-know , 2 , 18.5
smithw , 1 , 11.0
elliot_t , 1 , 10.0
egotherapy , 2 , 12.0
TG_Ambro , 5 , 0.2
Jacqland , 7 , 8.571428571428571
Making_Reddit_Civil , 3 , 63.0
blueduch , 3 , 36.666666666666664
acl5d , 2 , 7.0
fr33b33r , 2 , 11.5
BlackSuperSonic , 7 , 18.714285714285715
twentigraph , 20 , 22.75
amphetaminelogic , 14 , 9.357142857142858
el_historian , 2 , 2.5
CaptainPlatypus , 1 , 1.0
Joe_Biden_in_Space , 2 , 1.5
merpymerple , 1 , 80.0
mszegedy , 4 , 6.0
aidrocsid , 2 , 8.5
Legal_Assassin , 2 , 7.5
johnadreams , 2 , 0.5
BallsInMyBallsDawg , 3 , 32.0
Izzhov , 5 , 13.2
mikhail , 3 , 7.0
BluPineapple , 1 , 37.0
Neemii , 6 , 4.5
real-dreamer , 4 , 18.75
javatimes , 8 , 2.25
Hroppa , 2 , 7.0
Bunglenomics , 1 , 4.0
SashimiX , 5 , 3.2
CatellusTheManatee , 2 , 4.5
Isenki , 4 , 13.25
FeministNewbie , 15 , 12.6
cheerful_cynic , 2 , 5.5
DayTerrors , 1 , 1.0
notannakendrick , 1 , 2.0
lordofthekinks , 2 , 0.5
031116w , 10 , 12.0
microbutt , 4 , 18.75
eyyya , 3 , 13.0
naturalveg , 1 , 14.0
open_sketchbook , 7 , 20.714285714285715
lithium111 , 7 , 13.0
DasNeueFleisch , 3 , 5.333333333333333
rooktakesqueen , 1 , 4.0
Kettering , 1 , 1.0
ElisaAnderson , 1 , 3.0
admiral_tuff , 4 , 14.0
Delores_Herbig , 8 , 3.0
lalib , 5 , 21.0
dlouwe , 2 , 11.0
Awken , 2 , 2.5
stayclose , 9 , 13.666666666666666
phanny_ , 1 , 5.0
WylrikTyrell , 1 , 2.0
pixielady , 3 , 5.0
neko , 5 , 11.6
CharioteerOut , 3 , 7.333333333333333
deepspacenyan , 2 , 6.0
ArchangellePretzelle , 4 , 6.25
testestes , 3 , 5.0
srschristian , 8 , 6.125
malakhgabriel , 6 , 13.0
textrovert , 13 , 19.0
doomlout , 5 , 5.2
dragon_toes , 5 , 7.2
LonelyVoiceOfReason , 2 , 4.5
GaiusOctavian8 , 10 , 23.4
shramana , 1 , 9.0
_Kita_ , 1 , 4.0
Polluxi , 13 , 15.76923076923077
Query3 , 1 , 4.0
Durandal00 , 2 , 9.5
whoaohoh , 1 , 44.0
Attila_TheHipster , 1 , 12.0
RichB0T , 2 , 26.5
MadMoneyMike , 1 , 1.0
calamite , 3 , 2.3333333333333335
WORDSALADSANDWICH , 3 , 6.0
amazing_rando , 18 , 27.61111111111111
scotchbrite , 3 , 2.3333333333333335
ppqqt , 2 , 17.5
frozensolidpeaches , 1 , 13.0
allansteiner , 1 , 41.0
nyislanders2121 , 1 , 6.0
SapientSlut , 3 , 10.0
SenatorCoffee , 1 , 11.0
RedRoam , 3 , 8.0
orangelace , 12 , 12.583333333333334
RattaTatTat , 1 , 13.0
yuhkih , 2 , 11.0
Marie-Strumpell , 1 , 31.0
ObsidianOrangutan , 3 , 12.333333333333334
NasalDiarrhea , 2 , 22.5
asanteiscool , 1 , 3.0
feignrmk , 11 , 15.545454545454545
intangiblemango , 3 , 21.333333333333332
somniopus , 3 , -1.3333333333333333
randomusername2399 , 1 , 4.0
Enorabus , 1 , 8.0
WheelOfFire , 3 , 6.333333333333333
admiral-bell , 1 , 1.0
reeniereenie , 2 , 5.0
noideawhattoputhere , 1 , 11.0
TKAAZ , 2 , 10.5
TrillhouseVanCountin , 5 , 7.4
finnigans_cake , 2 , 24.0
Moreyouknow , 1 , 0.0
irker , 7 , 7.142857142857143
sunderstle , 1 , 30.0
feministria , 3 , 22.333333333333332
smart4301 , 2 , 2.5
popeguilty , 5 , 7.0
grammatiker , 1 , 13.0
vidurnaktis , 3 , 8.666666666666666
HokesOne , 6 , 3.8333333333333335
22902604 , 1 , 22.0
krispy7 , 2 , 6.0
ZombieAuxiliary , 5 , 13.4
duckduckCROW , 9 , 13.11111111111111
giantbutt , 7 , 13.571428571428571
Randallsha , 1 , 2.0
ArchangelleFarrah , 5 , 6.2
watashi_ , 1 , 2.0
snackalator , 1 , 24.0
lauraonfire , 1 , 9.0
Filipesian , 2 , 6.0
zxquarx , 7 , 9.714285714285714
Coldplazma , 1 , 3.0
Noumenology , 14 , 21.142857142857142
Arkanj3l , 1 , 1.0
nowander , 1 , 17.0
air139 , 3 , 1.3333333333333333
Malician , 7 , 5.0
strongoaktree , 3 , 11.333333333333334
grendel-khan , 3 , 4.0
blabberingparrot , 1 , 8.0
bigdandykidstable , 2 , 14.5
faiban , 1 , 0.0
Glass_Underfoot , 6 , 13.833333333333334
56kuser , 3 , 6.666666666666667
jgilla2012 , 1 , 4.0
only-mansplains , 1 , 12.0
roastedalmondsplease , 1 , 5.0
varking , 1 , 12.0
ironymouse , 1 , 2.0
mountaindew5 , 2 , 19.0
Patchy_Burrito , 2 , 40.0
Matriarchy_of_Brd , 1 , 59.0
Slutmiko , 1 , 4.0
Lynixi , 5 , 1.2
TranceGemini , 7 , 5.857142857142857
ThatNameIHave , 1 , 4.0
oetpay , 5 , 2.2
Arkanin , 3 , 1.0
ejgs402 , 6 , 8.333333333333334
socrates469 , 1 , 6.0
AlphaElixa , 2 , 2.0
FuB4R , 1 , 27.0
IntrepidVector , 2 , 4.5
kubigjay , 2 , 9.5
onequickthing , 1 , 34.0
calgold , 3 , 5.0
compinstficmfa2 , 2 , 6.0
d3gu , 1 , 4.0
lemon_meringue , 1 , 10.0
trailerjo , 1 , 2.0
farcebook , 5 , 7.6
killertofuuuuu , 7 , 15.571428571428571
PABEHCTBO , 1 , 14.0
SpermJackalope , 25 , 11.28
themasterof , 1 , 1.0
DagsOfWar , 2 , 14.0
chilbrain , 1 , 8.0
RedErin , 12 , 9.666666666666666
Devilish , 3 , 36.0
deirdreofthegaians , 3 , 9.333333333333334
tropicalpara , 3 , 14.0
fartsy_artsy , 1 , 8.0
TheKingofLiars , 1 , 0.0
TheYellowRose , 1 , 18.0
EllaMinnow , 1 , 13.0
thaliathraben , 5 , 9.6
twr3x , 5 , 19.4
Nick_Klaus , 1 , 50.0
Scrotorium , 1 , 8.0
srs__alt , 6 , 5.166666666666667
Thirtydegrees , 11 , 24.09090909090909
XapThat , 2 , 3.5
CaffeineAbuse , 1 , 4.0
Subotan , 3 , 4.666666666666667
nancyfuqindrew , 1 , 2.0
wewtzor , 1 , 2.0
Firedancer88 , 1 , 21.0
ElDiablo666 , 6 , 4.833333333333333
blacknred , 1 , 1.0
ElisaVin , 14 , 13.214285714285714
bumbusentothorn , 9 , 16.77777777777778
octophetus , 1 , 6.0
iamonlyalurkertoday , 1 , 1.0
illmindedjunkie , 2 , 12.0
anachromatic , 1 , 6.0
violetcray0nz , 7 , 8.285714285714286
yeahgoaheadd , 1 , 15.0
GabrielMSharp , 1 , -1.0
WoSindDieseTage , 1 , 27.0
FluidChameleon , 1 , 2.0
WoSindDieseTragen , 2 , 1.5
DalekOfLove , 1 , 29.0
MaxOfS2D , 1 , 14.0
rusoved , 1 , 3.0
koshthethird , 1 , 6.0
PlaidCoat , 4 , 8.0
Islamispeace , 7 , 6.857142857142857
dsampson92 , 1 , 2.0
aadsam , 3 , 10.333333333333334
Shadaez , 2 , 4.5
nametheoccupation , 1 , 4.0
MolokoPlusPlus , 1 , 2.0
WitchJustice , 2 , 29.0
crayones , 1 , 2.0
igotaquestionalright , 1 , 29.0
FeministFAQ , 2 , 24.0
DisapprovingDinosaur , 1 , 3.0
JerryTHEKINGLawyer , 2 , 2.0
tucobadass , 7 , 29.142857142857142
Metaphoricalsimile , 2 , 4.0
madjackrogers , 1 , 6.0
Glasya , 1 , 18.0
armrha , 8 , 16.25
UndergradChimingIn , 1 , 3.0
bombtrack411 , 3 , 3.3333333333333335
littlealbatross , 4 , 10.0
amazeofgrace , 2 , 9.5
Capitan_Amazing , 1 , 14.0
jeisq , 2 , 5.5
throwaway3a3 , 2 , 4.5
rmc , 23 , 11.521739130434783
ChrisHernandez , 4 , -3.75
mattster_oyster , 2 , 1.5
rawrgyle , 4 , 7.5
mattwan , 1 , 6.0
insertcotku , 1 , 11.0
SRSAltT , 1 , 6.0
litnesser , 5 , 6.6
wonder1299 , 1 , 41.0
oh_whattodo , 7 , 15.0
Hailz_ , 1 , 16.0
revolverzanbolt , 8 , 17.0
junkyardcats , 2 , 1.5
missssghost , 1 , 14.0
ArchangelleCaramelle , 10 , 6.8
sworebytheprecious , 2 , 12.5
tmichael95 , 1 , 14.0
goblackcar , 1 , 2.0
shortversionisthis , 2 , 43.0
DocPanda91 , 1 , 16.0
mbj16 , 1 , 16.0
Aislingblank , 6 , 8.833333333333334
Ontheroadtonowhere , 1 , 12.0
tiniestturtles , 3 , 5.666666666666667
lolastrasz , 7 , 11.428571428571429
asdfghjkllkjhgfdfgh , 1 , 6.0
Shewp , 2 , 4.0
ssd0004 , 2 , 5.5
mattgif , 1 , 0.0
iambutathrowaway , 4 , 3.75
peesfast , 1 , 1.0
thenewI , 3 , 4.0
museumeducator , 2 , 8.5
emmatini , 1 , 7.0
Upvote_For_Good_Luck , 1 , 6.0
DevonianAge , 8 , 7.25
Lookchai , 2 , 12.0
pseudo_nothing , 1 , 5.0
jajajajaj , 3 , 11.333333333333334
TheMediaSays , 3 , 3.0
TheGreatestName , 1 , 9.0
roryrhorerton , 2 , 45.0
Doopdedododah , 3 , 5.333333333333333
TennysonXII , 1 , -3.0
Scoots_McGoots , 1 , 6.0
willbefitsoon , 2 , 12.5
A-Pi , 2 , 4.0
PattyCakeTin , 1 , 2.0
RionMan , 2 , 3.0
Conde_Nasty , 2 , 1.5
crazydogirl , 14 , 0.7142857142857143
ddt9 , 9 , 16.333333333333332
nobunagasaga , 1 , 16.0
cercer , 1 , 7.0
MaoXiao , 19 , 9.842105263157896
socioshipac , 1 , 18.0
spermjacktheripper , 4 , 7.25
ElseCompel , 5 , 16.4
LadleLadleGiraffe , 2 , 25.5
origamiGirl222 , 1 , 16.0
Frostatine , 1 , 11.0
BiscuitKoala , 3 , 3.6666666666666665
Poiven , 1 , 2.0
justwantedtosayblah , 2 , 14.5
selfhatingmisanderer , 5 , 15.6
balloo_loves_you , 3 , 2.3333333333333335
puugwei , 7 , 6.142857142857143
one_last_handle , 2 , 11.0
outerspacepotatoman9 , 24 , 15.708333333333334
zefram , 1 , 1.0
lordairivis , 4 , 7.25
ViolentLeader , 1 , 1.0
sigma83 , 5 , 8.0
notagreatwarmonger , 1 , 38.0
lolboo , 7 , 9.857142857142858
SSocialism , 3 , 5.0
Axelior , 1 , 19.0
sivaderick , 3 , 4.333333333333333
Heidegger , 12 , 23.75
20yardsoflinen , 1 , 8.0
goat_I_am , 1 , 4.0
PRIVILEGE_IN_MY_ANUS , 4 , 3.25
dourscratchkids , 1 , 7.0
7895621 , 1 , -1.0
420CARLSAGAN420 , 3 , 7.0
wilsonh915 , 5 , 6.2
bafokeng , 27 , 15.222222222222221
Degeyter , 3 , 8.666666666666666
misandristdontreal , 1 , 3.0
argonauticality , 4 , 9.25
ecafdas , 2 , 24.0
2budgies , 1 , 9.0
Brfboloi , 2 , 14.5
dudesettledown , 2 , 7.0
jedifreac , 6 , 12.833333333333334
Nautical610 , 2 , 8.5
Cure_Us , 3 , 3.3333333333333335
bman20101 , 5 , 14.6
notmadjustdisappoint , 4 , 8.5
scartol , 6 , 6.5
Caticorn , 2 , 16.0
apropos_of_whatever , 1 , 11.0
-Frog- , 4 , 2.5
bakedtaino , 4 , 15.0
Apodei , 3 , 35.666666666666664
a_killing_word , 1 , 1.0
oyosoyo , 1 , -1.0
turtlebesos , 6 , 9.333333333333334
wolfeman21 , 1 , 3.0
notevenkiddin , 9 , 13.444444444444445
gremlin_boss , 1 , 11.0
_cat_meow , 3 , -1.0
ForcedToJoin , 1 , 1.0
jmf145 , 1 , 0.0
dancinwillie , 2 , 2.5
Spam4119 , 11 , 10.363636363636363
ohaidegger , 1 , 24.0
what1212rr , 3 , 2.6666666666666665
unstablist , 2 , 7.5
praxulus , 5 , 6.2
b_is_for_banned , 1 , 2.0
IndianSummer3 , 2 , 2.5
Joxemiarretxe , 1 , 1.0
DoritosForMe , 1 , 1.0
senortrollio , 3 , 5.666666666666667
rubyruy , 4 , 5.0
shitredditthrowsaway , 1 , 1.0
kongforaday , 12 , 11.416666666666666
panwil , 3 , 21.666666666666668
Elhaym , 1 , 0.0
Jadis750 , 1 , 8.0
and181377 , 1 , 1.0
fluffycloud3 , 5 , 14.0
LesSoldats , 2 , 13.5
colossalcalypso , 3 , 6.666666666666667
Japemead , 1 , 10.0
garlicstuffedolives , 3 , 6.666666666666667
spillfish , 1 , 0.0
scooooot , 4 , 17.25
conradpoohs , 5 , 7.8
broomhilda , 1 , -1.0
Radioa , 3 , 8.333333333333334
transethnicthrowaway , 1 , -3.0
Gakukun , 1 , 4.0
forwardmarsh , 2 , 11.0
CapriciousCoyote , 2 , 5.0
peelport_paints , 9 , 4.777777777777778
Impswitch , 2 , 6.0
evansawred , 6 , 5.5
RoundaboutMind , 2 , 3.5
astrobuckeye , 3 , 10.666666666666666
cavemancolton , 2 , 3.5
Vicious_Hexagon2 , 2 , 16.0
witch_baby , 3 , 5.0
Guessed , 1 , 7.0
warriorsmurf , 2 , 17.5
dukeofflavor , 2 , 3.5
Oravenhurst , 1 , 12.0
GeoffreyArnold , 2 , 4.5
MrFister85 , 3 , -0.3333333333333333
kraken_calamari , 8 , 8.375
somegurk , 1 , 3.0
jqzy , 1 , 3.0
fuschialady , 1 , 2.0
infectmadagascar , 1 , 62.0
Ughable , 1 , 11.0
newaccountnumber1 , 12 , 5.916666666666667
backofamotorbike , 7 , 9.285714285714286
giraffeneck45 , 5 , 13.2
wackyHair , 1 , 5.0
weeeeoooo , 2 , 6.0
_rhubarb , 4 , 7.0
nextts , 4 , 2.5
blue_dice , 14 , 10.5
fuckyourprivilege , 13 , 13.538461538461538
button_suspenders , 4 , 7.0
chocoalmondmilk , 4 , 5.0
fghngfnhff , 1 , 2.0
pinknessme , 4 , 6.25
goo321 , 2 , 2.5
ihatemirrors , 1 , 2.0
pinknesseme , 1 , 2.0
thescreamingwind , 2 , -5.0
ezvee , 2 , 9.5
UnconfirmedCat , 5 , 22.2
I_Know_What_You_Mean , 5 , 10.6
ceramicfiver , 9 , 9.666666666666666
GailBetticarsTeaPot , 4 , 17.0
Unicormfarts , 3 , 8.0
felicity_dont_real , 12 , 20.333333333333332
sallyraincloud , 4 , 16.5
Dakillakan , 1 , 14.0
OpAmp , 4 , 7.5
Igotdiabetus , 1 , 2.0
ddxxdd_throwaway27 , 1 , 2.0
godofsexandGIS , 1 , 5.0
Mattamatica , 1 , 1.0
bobwarwood , 1 , 2.0
Feb2012qwerty , 1 , 5.0
kickit , 1 , 7.0
megapeople , 1 , 19.0
aperrien , 2 , 7.0
Your-Opinion-Matters , 1 , 4.0
The-Cure , 2 , 3.0
fece , 2 , 5.5
Vucinips , 1 , 6.0
tosserbrd , 17 , 12.470588235294118
dambeavers , 2 , 11.5
OccupyJumpStreet , 3 , 4.0
yatcho , 1 , 2.0
CthulhusCallerID , 1 , 3.0
wiklik , 2 , 0.5
Lolworth , 1 , 30.0
PermanentTempAccount , 16 , 10.25
Arkaic , 1 , 1.0
Me-Here-Now , 6 , 3.5
tibbytime , 6 , 22.833333333333332
Priapus_Unbound , 1 , 13.0
SRSUnbanned , 1 , 8.0
Sibirica , 1 , 4.0
gate2doom , 1 , 5.0
thpook , 1 , 11.0
vivadisgrazia , 3 , 9.0
esDragon , 1 , 9.0
JustLurkingAround , 1 , 3.0
reddit_feminist , 8 , 5.25
lmntre , 2 , 3.0
Siggycakes , 5 , 6.2
YouSmellLikeBurning , 4 , 20.25
krypto1339 , 2 , 21.0
unklemonkey , 1 , 6.0
TrapcomFightingJam , 1 , -6.0
pidgeymcnuggets82137 , 1 , 21.0
WeAreAllApes , 3 , 13.666666666666666
zebra-dont-care , 1 , 7.0
ernestato , 4 , 7.25
spjork , 2 , 8.5
backup9696 , 10 , 6.5
sadbrigade , 4 , 2.75
therealbarackobama , 2 , 55.0
BRDtheist , 5 , 9.8
LadyVagrant , 11 , 15.909090909090908
555-1234 , 3 , 2.3333333333333335
Sagebrysh , 1 , 3.0
HeyImAlex , 1 , 20.0
Torso_in_Metal , 1 , -4.0
Veltan , 3 , 1.6666666666666667
throbbaway , 1 , 8.0
jianadaren1 , 5 , 3.2
CoupleOfConcerns , 1 , 3.0
tfaal , 1 , 1.0
END_IMPERIALISM , 1 , 35.0
memographer110 , 1 , 2.0
devindude01 , 1 , 26.0
myrm , 1 , 26.0
breads , 3 , 14.0
tehgama95 , 1 , 2.0
brrrrd2 , 1 , 3.0
gaypher , 6 , 13.0
caryy , 1 , 6.0
miss_kitty_cat , 9 , 11.444444444444445
Amputatoes , 3 , 5.333333333333333
i-made-this-account , 6 , 2.6666666666666665
jumpinjetjnet , 2 , 3.0
RobertPaulson_AMA , 1 , 7.0
squeezin , 3 , 9.333333333333334
bblemonade , 9 , 8.222222222222221
amfournda , 1 , 4.0
AmazingZoltar , 2 , 35.5
1338h4x , 3 , 14.0
notafakenameipromise , 2 , 5.0
brdisthewerd , 13 , 8.692307692307692
Terriaga , 3 , 2.0
askingasanaussie , 1 , 13.0
shabazzwellington , 3 , 2.3333333333333335
SimWebb , 8 , 7.5
bobbobbity , 3 , 1.3333333333333333
srspost , 1 , 4.0
Jacques_Lacan , 9 , 9.444444444444445
mothereffingteresa , 3 , 2.0
Major---deCoverley , 1 , 26.0
DaSwedishFish , 1 , 16.0
Amarkov , 1 , 5.0
llaemmae , 1 , 8.0
maybemonad , 2 , 1.0
ellebombs , 2 , 20.0
BoundinX , 1 , 9.0
DodgerGreywing , 1 , 6.0
suriname0 , 3 , 22.0
LordByronic , 1 , 31.0
everyusernamesgone , 1 , 9.0
pixelement , 1 , 2.0
rockyali , 5 , 9.4
Brislock , 1 , 2.0
Maharajah , 1 , 12.0
2liter , 1 , 2.0
Neeshinator716 , 6 , 16.833333333333332
wikidd , 1 , 10.0
Fempire , 1 , 3.0
successfulblackwoman , 18 , 15.5
derSchuh , 1 , -2.0
dokushin , 2 , 10.5
TeaAddiction , 1 , 6.0
loggah_head , 3 , 8.0
calle30 , 1 , 2.0
Hobojoejunkpen , 1 , -1.0
hoopypoopy , 1 , 3.0
BusinessCashew , 1 , -3.0
davis_mavis , 1 , 3.0
TMYKguy , 3 , 10.333333333333334
charlestheoaf , 1 , 5.0
Ev450 , 2 , 2.5
downvoting-account , 1 , 11.0
bkey , 2 , 2.0
GloomyPterodactyl , 1 , 7.0
camgnostic , 5 , 9.2
Sethex , 6 , 4.5
starberry697 , 6 , 35.333333333333336
alafia , 1 , 6.0
wallywhiskey , 3 , 25.666666666666668
drgfromoregon , 2 , 7.5
byanyothername982 , 1 , 8.0
ThePerdmeister , 4 , 20.0
chinglishese , 3 , 7.0
andadobeslabs , 1 , 5.0
bkxxx , 4 , 9.25
p_over_q , 1 , 65.0
Imwe , 1 , 7.0
eleanorlavish , 1 , 3.0
thankyoubased , 2 , 8.0
t1g3rl1ly , 1 , 13.0
lussensaurusrex , 1 , 19.0
macrowive , 5 , 11.6
jamkgrif , 1 , -6.0
spanktruck , 2 , 36.5
crapeverywhere , 3 , 11.0
slayeryouth , 6 , 9.833333333333334
littlelordfauntleroy , 5 , 4.8
Spheritacular , 3 , 7.333333333333333
urban_night , 3 , 7.666666666666667
LL-beansandrice , 4 , 12.5
fsnb , 1 , 6.0
CrankyAboutStuff , 3 , 7.666666666666667
Valsorion , 3 , 26.666666666666668
yagi_takeru , 2 , 19.5
WayneSims , 9 , 5.444444444444445
thehyrulefantasy , 1 , 7.0
Morloch , 2 , 4.5
Tolosan , 4 , 5.0
derpbtc , 1 , 2.0
Jintoboy , 1 , 1.0
shakaloha , 1 , 2.0
ChuckFinale , 8 , 4.25
SRSDiscusser , 9 , 6.888888888888889
JohnQuittenton , 1 , 7.0
Anti_Police , 1 , 1.0
Baby_Beluga , 9 , 3.5555555555555554
ralten , 1 , 21.0
paincoats , 1 , 5.0
digtree , 4 , 14.75
muffin_sangria , 1 , 17.0
SPERMJACKER3000 , 3 , 4.333333333333333
srslyjm , 1 , 21.0
chocletemilkshark , 6 , 13.5
mrfloopa , 2 , 12.0
dee_mcfacepants , 3 , 8.333333333333334
DelphicProphecy , 3 , 10.333333333333334
noxbl , 1 , 4.0
Duncan_Dognuts , 1 , 6.0
ihateusernamesalot , 4 , 9.25
mach11 , 6 , 10.166666666666666
Quidagismedici , 4 , 2.75
aploobloobloo , 3 , 7.666666666666667
doduo , 1 , 2.0
sammythemc , 1 , 12.0
amyisgonnakillme , 2 , 3.0
jennyroo , 1 , 4.0
canti28 , 1 , 8.0
Savalion , 1 , 55.0
EthologicVestige , 1 , 3.0
EricWasAnHero , 2 , 7.0
nicholasferber , 1 , 4.0
scobes , 5 , 7.6
ConvertFruit , 1 , 4.0
VoteAnimal2012 , 2 , 8.0
Cephalophobe , 3 , 10.333333333333334
shneerp , 3 , 19.666666666666668
Bombtrack511 , 9 , 5.555555555555555
sheep74 , 8 , 8.25
angry_brds , 6 , 17.666666666666668
robertbieber , 9 , 8.222222222222221
vercingetorixx , 1 , 1.0
wenwen79 , 2 , 5.0
OverlordXenu , 2 , 15.0
Get_Low , 5 , 3.0
aspecialsnowflake1 , 1 , 19.0
TheSliceman , 5 , 2.6
yoowan , 2 , 2.5
NoFascistAgreements , 4 , 8.75
jeannedark , 1 , 8.0
Ziggamorph , 4 , 6.5
WizardofStaz , 3 , 4.0
moundsnick , 3 , 2.3333333333333335
AWildRisuAppeared , 1 , 1.0
dildzwielder , 4 , 10.0
TrojanBovine , 2 , 3.5
Cirenione , 1 , 3.0
Kershalt , 3 , 0.3333333333333333
LacksUsername , 1 , 1.0
ksnyder86 , 2 , 11.0
stinsonmusik , 2 , 5.0
Starfishie , 1 , 14.0
modern_indophilia , 2 , 12.0
Shrimp123456 , 4 , 2.5
myrpou , 2 , -0.5
lottesometimes , 1 , 3.0
movetomiami , 4 , 4.5
JuzamDjinn , 1 , 15.0
keepmathy , 1 , 20.0
PennyHorrible77 , 1 , 4.0
shitlordslayer93 , 11 , 12.0
krakuniev , 1 , 1.0
pfefferi , 4 , 15.25
deleuzedandconfused , 1 , 50.0
srsdta1 , 1 , 2.0
ruffleshiffle , 1 , 5.0
Casper_MilkyToast , 2 , 2.0
thrwawyaway , 1 , 34.0
vega118162 , 1 , 39.0
cw_devFluid , 2 , 1.5
throwaway4secrecy , 3 , 3.3333333333333335
oldmoneey , 1 , 17.0
lockupsrs , 1 , 59.0
Tarbourite , 2 , 8.5
mrsamsa , 1 , 2.0
littlegray , 1 , 4.0
teh_maxh , 2 , 14.5
XPhospher , 1 , 0.0
TheStreisandEffect , 2 , 2.5
Iamanangrywoman , 1 , 5.0
ninjazombiex , 1 , 3.0
smort , 1 , 7.0
heimdalsgate , 1 , 5.0
marmosetohmarmoset , 5 , 10.8
Rubs10 , 3 , 10.333333333333334
milehigh73 , 12 , 12.916666666666666
exomeme , 1 , 5.0
SavvyBerkleigh , 1 , -1.0
Squidhands , 11 , 9.454545454545455
Destrina , 2 , 21.5
suddenfuture , 3 , -8.0
foszae , 1 , 6.0
Tentacolt , 5 , 9.6
laurieisastar , 2 , 2.5
ArchangelleTenuelle , 1 , 17.0
clade_nade , 1 , 5.0
drivehard , 2 , 15.5
CptOblivion , 1 , 3.0
mMelatonin , 2 , 8.5
amabmu , 1 , 10.0
Vox_poppuli , 1 , 5.0
bluenosejake , 1 , 2.0
031107 , 1 , 6.0
TheFruitStripeZebra , 1 , -1.0
ArcticSpaceman , 1 , 1.0
TWDYrocks , 8 , 7.625
minimuminim , 25 , 20.0
finedworkincrafts , 1 , 21.0
analetheia , 5 , 6.0
Sasha411 , 14 , 8.571428571428571
OffensiveUser , 1 , 15.0
Alysaria , 2 , 6.0
sticksman , 2 , 7.0
mindbreaker4228 , 4 , 6.5
pithyretort , 2 , 12.0
Senou , 1 , 2.0
kareemabduljabbq , 1 , 1.0
vegetablecookbook , 2 , 14.5
KoolAidWino , 3 , 25.0
JustJaneAlice , 2 , 23.0
pink_and_orange , 1 , 3.0
Adept128 , 1 , 2.0
diseasedempires , 8 , 17.875
oleub , 1 , 3.0
dreamleaking , 1 , 3.0
Botswami16732 , 2 , 11.5
Leikiz , 2 , 14.0
mushroommountain , 1 , 3.0
Civil_til_it_hurts , 1 , 4.0
plathsummer , 2 , 3.5
maneatingmonkey , 8 , 11.625
jpveedubs , 4 , 8.5
catinated , 1 , 11.0
Papercarder , 1 , 1.0
xy4xx , 1 , 63.0
gukeums1 , 1 , 40.0
askheidi , 4 , 17.75
OMW-TO-THE-TRASH , 4 , 7.25
GoatStampede , 1 , 20.0
dsfargeg2020 , 1 , 1.0
boguskumar , 1 , -11.0
Jackyboness , 1 , 5.0
nessaneko , 1 , 7.0
srs_bzns , 3 , 3.6666666666666665
i_eat_democrats , 1 , 0.0
backbeatrhythm , 1 , 8.0
luvs2gogurt , 2 , 2.5
IceFirex123 , 1 , 15.0
apparachik , 1 , 4.0
Casey234 , 1 , 21.0
4post , 1 , 3.0
Cheesy74 , 2 , 5.0
TamarWallace , 1 , 4.0
throwawaygngsvv , 1 , 23.0
boriSRS , 1 , 7.0
partyhat , 3 , 7.333333333333333
rebirthlington , 2 , -0.5
SuperVillageois , 2 , 3.5
GammaTainted , 2 , 6.5
Atheist101 , 1 , 4.0
howdoesreddit , 1 , 20.0
heyfatkid , 1 , 6.0
space-cadet , 2 , 4.0
xhinasc , 5 , 6.8
shabbos , 1 , 5.0
HotterRod , 1 , 2.0
avilavita , 19 , 15.263157894736842
FullTiltMisandry , 6 , 5.333333333333333
Arono1290 , 4 , 11.75
Koyaanisgoatse , 3 , 7.666666666666667
CaptCoco , 1 , 1.0
onlyalevel2druid , 1 , 2.0
thecompletegeek2 , 1 , 8.0
qmechan , 12 , 8.416666666666666
Expurgate , 1 , 5.0
RobertoBolano , 25 , 18.68
asdfha , 8 , 5.75
gohumansgo , 2 , 9.0
thedeathgrapes , 3 , 3.6666666666666665
stalkingpanda14 , 2 , 7.5
violetacerz , 1 , 28.0
DragonQ , 2 , 16.5
2xquestionthrowaway , 1 , 24.0
3w2afd , 1 , 18.0
ShitlordClarity , 1 , 55.0
brittanykay , 1 , 7.0
Doublekchill , 6 , 22.5
ppeist , 1 , 17.0
DR6 , 3 , 2.0
brdifier , 5 , 1.6
neepuh , 1 , -1.0
Althermarrin , 1 , 3.0
MalLeaf , 1 , 0.0
Averagejoe4655 , 1 , 3.0
Laura724 , 1 , 4.0
evilmushroom , 1 , 2.0
CommodoreLewis , 3 , 16.666666666666668
pineapple_warhorse , 3 , 4.0
Daedalus18 , 7 , 13.428571428571429
SapphireAndIce , 7 , 23.571428571428573
octopotamus , 3 , 5.0
kinderdemon , 2 , 16.0
JustifiedMisandry , 1 , 20.0
ipettedacattwice , 1 , 5.0
fittles , 1 , 10.0
FreakingTea , 1 , 3.0
cyranothe2nd , 18 , 15.944444444444445
Talksiq , 2 , 8.5
Questioning2 , 1 , 21.0
andreaplanbee , 1 , 52.0
ebernard40 , 1 , -4.0
goatboy1970 , 2 , 6.5
praisetehbrd , 2 , 1.5
deathtech00 , 1 , 5.0
illprobablyaskyouaQ , 2 , 14.5
theworstnoveltyacct , 3 , 16.0
spinflux , 1 , 9.0
princess-misandry , 2 , 10.0
redthrowrose , 2 , -0.5
DidijustDidthat , 2 , 19.5
frrtwzrd , 4 , 4.75
johnnypotsmoker420 , 1 , 1.0
UkIne1 , 2 , 18.5
Tombesto , 2 , 3.0
NejKidd , 5 , 2.2
Bewtzz , 1 , 1.0
HogtownHoedown , 5 , 3.8
SparkleMeTimbers , 1 , 54.0
brdpewp , 2 , 14.5
hookersinparis , 1 , 10.0
lolplatypus , 1 , 5.0
cirocco , 1 , 9.0
IAMA_Ornithologist , 1 , 13.0
blorgle , 1 , 5.0
DenryM , 1 , 4.0
minorityquestion , 1 , 8.0
SaorInAisce , 1 , 40.0
AlcibiadesGrow , 1 , 2.0
broziel , 1 , 41.0
beetseem , 4 , 10.5
ajro , 1 , 10.0
Al_Scarface_Capone , 2 , 8.5
putseller , 5 , 8.0
AluminumFalcon3 , 2 , 3.5
lovethismfincountry , 2 , 2.5
fuckeverything_panda , 7 , 14.571428571428571
throwaway63949 , 11 , -3.4545454545454546
SRSTT , 4 , 11.5
samuraipenguin123 , 1 , 13.0
blueche , 3 , 9.666666666666666
modalt2 , 8 , 5.125
aplaceatthedq , 1 , 8.0
victorsmonster , 3 , 22.666666666666668
YourMotherIsProud , 2 , 7.0
redwhiskeredbubul , 12 , 8.0
agitpropane , 3 , 11.0
bleakwell , 6 , 9.833333333333334
matriarchy , 3 , 6.666666666666667
Sociodude , 2 , 16.0
DworkinClassHero , 1 , 2.0
hellomynamesbruce , 1 , 8.0
snedgus , 1 , 1.0
benzrf , 2 , 3.0
radiofluorescence , 4 , 10.5
LoveMeSectionMember , 2 , 9.0
myworksafeaccount , 6 , 9.5
garunac , 6 , 8.166666666666666
sick_burn_bro , 3 , 3.6666666666666665
wafflesarereallygood , 2 , 8.0
WooglyOogly , 24 , 18.583333333333332
mayapuhpaya , 1 , 0.0
hermetic , 1 , 7.0
BittmanSampler , 3 , 26.666666666666668
wifeofcookiemonster , 10 , 6.8
elemenopee7 , 2 , 28.5
yasee , 4 , 10.75
bcs , 3 , 10.0
aerin_sol , 1 , 11.0
citoyenne , 4 , 18.0
kifujin , 1 , 13.0
thereisnosuchthing , 1 , 0.0
300lb , 2 , 2.0
POGtastic , 1 , 11.0
Allergic_Abstraction , 3 , 2.0
compaq007 , 1 , 2.0
Harold_Bloom , 2 , 6.5
2HIP4U , 1 , 3.0
razzatazzjazz , 2 , 25.5
MTBDude , 1 , 10.0
jvon34 , 4 , 3.0
savetheclocktower , 3 , 8.666666666666666
jazzman96 , 2 , 4.5
LovelyFugly , 6 , 21.333333333333332
amazingscrewonhead , 1 , 18.0
tacosock , 2 , 24.0
Aymicabeza , 1 , 35.0
stevenwangstron , 1 , 4.0
wallofeden , 1 , 10.0
GrimmRevelation , 2 , 8.5
bobuhbeartoe , 1 , 7.0
gowashyourbowl , 8 , 4.375
JCY2K , 1 , 1.0
cakevodka , 1 , 1.0
KingCarnivore , 2 , 8.5
nogodplease , 1 , 3.0
gypsygospel , 1 , 7.0
reallymyrealaccount , 1 , 15.0
redditcanyounot , 3 , 34.0
Bardock_RD , 2 , 2.0
BlueBob-Omb , 7 , 9.428571428571429
so_srs , 2 , 7.0
fdsafdsafas , 1 , 2.0
ponytology , 2 , 9.5
Internetfeminist , 1 , 1.0
Laeluu , 1 , 13.0
blueberrysprinkles , 1 , 1.0
SoThatHappened , 3 , 19.333333333333332
PooJohnson , 3 , 7.666666666666667
Fairhur , 2 , 7.5
AccountForDiscussion , 1 , 10.0
Ryand-Smith , 1 , 14.0
ButYouDisagree , 3 , 2.3333333333333335
undiscoveredlama , 1 , 1.0
srsthrowaway30 , 4 , 17.75
potatoyogurt , 1 , 11.0
Newantox , 2 , 16.0
Kiteokid , 2 , 20.5
CassiusLeafeon , 1 , 49.0
digyourself , 4 , 18.25
Ithuriel2070 , 1 , 33.0
sparrowmint , 1 , 11.0
nate20140074 , 1 , 6.0
srdquickquestion , 1 , 31.0
MirkoCroCop , 1 , 3.0
TheCuriousDude , 1 , 7.0
GodofMisandry , 1 , 9.0
CissyFit , 4 , 12.25
Ceret , 1 , 2.0
doingitmatrixstyle , 6 , 11.5
twr11 , 2 , 16.0
SZthray , 2 , 9.0
fowleryo , 1 , 3.0
maxwell- , 1 , 21.0
Bombingofdresden , 1 , 9.0
nomoarlurkin , 10 , 7.7
tangibleghost , 1 , 2.0
GholaHayt , 1 , 11.0
derailler , 1 , -1.0
Splinter1591 , 8 , 7.0
your_real_father , 4 , 3.0
veijeri , 1 , 8.0
TheLadderCoins , 1 , 5.0
shaedofblue , 2 , 1.5
Forgotten_Banana , 1 , 6.0
iRayneMoon , 2 , 30.0
FallingSnowAngel , 5 , 6.0
YourWaterloo , 3 , 12.333333333333334
MisandricalShibi , 1 , 1.0
hi_imnewhere , 1 , 20.0
not-a-cylon , 1 , 31.0
interoutertubez , 2 , 7.0
daftboi , 1 , 1.0
gutsch , 9 , 11.666666666666666
Feral_contest , 1 , 5.0
stishy , 1 , 44.0
arnold_snarb , 2 , 16.0
silverfiresong , 1 , 1.0
Aristocratic_beggar , 3 , 14.0
Grapeban , 2 , 5.5
letmebeme , 1 , 2.0
Alpha_Mansion , 1 , 3.0
dratgrrl , 2 , 1.0
anonymousali , 3 , 13.0
DwightKashrut , 1 , 6.0
CuteTinyLizard , 3 , 14.0
mechanicalbrd , 2 , 14.0
ratjea , 1 , 63.0
kid_twist , 1 , 44.0
oddaffinities , 2 , 18.0
throwingExceptions , 1 , -1.0
hermsted , 1 , 7.0
DagsDayAfternoon , 1 , 2.0
Seand0r , 1 , 14.0
rainydazee , 2 , 6.5
poopooclown , 1 , 5.0
Totally_Kaput , 1 , -3.0
xtremechaos , 3 , 4.0
NowThatsAwkward , 4 , 4.0
Leprecon , 1 , 2.0
Pete578 , 1 , 1.0
Reinjard , 2 , 27.5
Circlejerk_Advice , 2 , 10.5
adreamofhodor , 1 , 28.0
elninyo , 1 , 6.0
SirSTEMalot , 1 , 18.0
VerteDinde , 1 , 10.0
anrole , 5 , 14.0
amazaming , 4 , 8.5
ComIntelligence , 1 , 5.0
ImAPurplePrincess , 1 , 22.0
evankingsfield , 1 , 54.0
tilia-cordata , 2 , 21.0
bluemanrocks , 1 , 8.0
could-do , 2 , 3.0
afireatseaparks , 2 , 4.5
Dildo_of_Vengeance , 4 , 9.25
Facewizard , 1 , 5.0
LeBn , 1 , 1.0
black_in_america , 1 , 256.0
isawyourpantsmove , 1 , 10.0
derrida_n_shit , 2 , 11.0
Otherone-Undertone , 1 , 5.0
selenophene , 4 , 5.5
Eidyll , 1 , 13.0
WorkAcid , 1 , 18.0
TheSentientKumquat , 2 , 5.5
alittleaddicted , 1 , 11.0
hazyarc , 1 , 13.0
MrAffinity , 1 , 1.0
DeleuzeYourself , 2 , 28.0
gptt_twopointoh , 1 , 9.0
mausezaehnchen , 2 , 4.0
Irishish , 4 , 14.0
xdbzad , 1 , 7.0
Ontolodox , 3 , 9.666666666666666
30thaim , 1 , 5.0
ADMIRAL_TYB_OF_MARS , 1 , 3.0
YoYoThere , 1 , 6.0
expectedbolt , 3 , 14.666666666666666
Hellkyte , 1 , 4.0
organic , 1 , 7.0
politicalanalysis , 1 , 8.0
spankythang503 , 3 , 5.666666666666667
dotsbourne , 1 , 8.0
IsGonnaSueYou , 1 , 3.0
jdkeith , 4 , 9.5
nobody25864 , 2 , 1.5
JustSayNoToGov , 1 , 0.0
DICK_DAWKINS_TALKIN , 1 , 4.0
SJ_Socrates , 3 , 0.0
whyzerman , 1 , 32.0
ipad2plus , 2 , 1.5
DilnTre , 1 , 16.0
TheWhispersOfSpiders , 3 , 28.666666666666668
mrabear , 1 , 3.0
ASAPRobertZemeckis , 3 , 11.666666666666666
LotosResistant , 1 , 2.0
babythrowaway2 , 1 , 38.0
KrakNup , 1 , 71.0
DeliciousApples , 1 , 6.0
Fidel_Castrate , 4 , 7.0
Vsusanmoon , 1 , 13.0
musik3964 , 1 , 8.0
barbadosslim , 16 , 16.0
amici_ursi , 1 , 2.0
TheExperienceD , 3 , 14.666666666666666
pandas795 , 2 , 6.5
electricmink , 2 , 3.5
Samercon , 7 , 8.571428571428571
BastDrop , 17 , 16.529411764705884
MemesMemesMemesMemes , 10 , 4.5
hochimaxh , 3 , 3.3333333333333335
NaivePhilosopher , 1 , 8.0
ArchangelleJoan , 1 , 2.0
model_railroad_alt , 3 , 3.6666666666666665
Pyrolytic , 3 , 6.0
Minn-ee-sottaa , 26 , 13.923076923076923
iTARIS , 4 , 10.0
CANOODLING_SOCIOPATH , 13 , 17.0
wasteknotwantknot , 4 , 5.75
HalflingTea , 2 , 7.0
NiallHeartfire , 4 , 8.75
peanutandmiles , 3 , 2.6666666666666665
thunder-cricket , 1 , 3.0
kaboutermeisje , 5 , 17.0
Kernunno , 4 , 0.75
caesar_primus , 6 , 14.5
stoutgraff , 1 , 12.0
FreshHotTakes , 4 , 3.0
Trivesa , 4 , 6.25
radical_anion , 4 , 4.0
illeatyabrains , 4 , 8.75
Faolinbean , 12 , 10.25
OrkBegork , 11 , 9.636363636363637
AngeloMonharti , 1 , 0.0
QuoProQuid , 1 , 21.0
sordfysh , 11 , 12.545454545454545
LuisN , 2 , 8.5
Noswad92002 , 2 , 1.5
aboy5643 , 9 , 11.11111111111111
LoyalServantOfBRD , 8 , 11.25
blueorcawhale , 4 , 71.5
AmIReallyaWriter , 4 , 17.5
G1oves , 1 , 7.0
hamerahamera , 1 , 2.0
occamsrazorwit , 1 , 2.0
i_am_a_meatpopsicle , 1 , 10.0
neil_real , 3 , 2.0
Steffi_van_Essen , 1 , 2.0
SilentScarlet , 1 , 13.0
AM_Kylearan , 1 , 1.0
anace , 17 , 14.470588235294118
draw_it_now , 8 , 21.0
ima_fuck_that_mudkip , 2 , 1.0
Thoctar , 1 , 1.0
npcdel , 8 , 24.0
nihilistsocialist , 4 , 12.5
acidroach420 , 22 , 19.954545454545453
StarkFists , 3 , 16.333333333333332
Edgy_Atheist , 6 , 13.833333333333334
erberp , 5 , 19.2
grovulent , 2 , 11.0
sonyka , 2 , 6.5
chainsmo , 2 , 4.0
DeferringJudgement , 1 , 3.0
Protopologist , 8 , 10.25
GayFesh , 9 , 11.555555555555555
Zackybeats , 4 , 6.25
gavinbrindstar , 11 , 21.09090909090909
ProfM3m3 , 1 , 5.0
Hamstak , 1 , 8.0
some_random_guy_5345 , 10 , 8.1
Pileus , 25 , 22.04
HisHighnessStannis , 4 , 9.5
frozen-solid , 5 , 14.4
kapparoth , 8 , 10.875
Aelian , 6 , 7.666666666666667
ellenok , 3 , -1.6666666666666667
Defengar , 15 , 9.333333333333334
amelaine_ , 3 , 13.0
MEATSTRENGTH , 1 , 20.0
Jack_The_Rippar , 1 , 6.0
Sappow , 3 , 12.0
___Archer___ , 7 , 8.142857142857142
HardExit , 4 , 17.5
lenore3 , 2 , 4.0
Logic_Nuke , 2 , 9.5
TheMastersSkywalker , 1 , 2.0
HadronHubbub , 2 , 8.5
adividedduty , 2 , 12.0
Pshower , 3 , 21.0
NRA4eva , 9 , 17.0
SmytheOrdo , 3 , 8.0
MetallicOrangeBalls , 2 , 5.5
waka49 , 1 , 7.0
WikkiBam , 4 , 16.5
flamingtangerine , 1 , 25.0
Anonymocoso , 2 , 8.0
OneJobToRuleThemAll , 3 , 3.0
professorwarhorse , 10 , 13.5
_brogressivedudebro_ , 3 , 34.666666666666664
ameoba , 6 , 8.0
Holkr , 3 , 8.333333333333334
nopus_dei , 11 , 11.181818181818182
protestor , 1 , 7.0
jokes_on_you , 1 , 4.0
Birdlover1233 , 3 , 12.0
rave-simons , 5 , 13.8
dream_meme_team , 15 , 22.266666666666666
dog_obgyn , 1 , 4.0
1of42ca , 5 , 6.0
Topyka2 , 9 , 11.444444444444445
WavvyBoi , 2 , 5.0
Petestanro , 2 , 8.0
Choccasp , 11 , 16.363636363636363
Othello , 10 , 26.1
SpiveyArms , 7 , 12.857142857142858
SadfaceSquirtle , 6 , 5.666666666666667
IlII4 , 1 , 31.0
sUnfI0w3r , 2 , 7.0
Circle_Breaker , 10 , 10.8
passwordgoeshere , 4 , 8.5
fleetingnightingale , 5 , 5.8
MilHaus2000 , 14 , 11.285714285714286
Staross , 2 , 5.0
gerre , 2 , 4.0
ThatsSoRaka , 7 , 4.571428571428571
Robotigan , 2 , 0.5
FlaredEmberzz , 1 , 11.0
pompouspug , 22 , 15.181818181818182
bohemica , 2 , 39.5
danceparty3000 , 4 , 2.5
Club_Silencio , 5 , 8.8
omgnodoubt , 1 , 3.0
zabulistan , 3 , 17.666666666666668
OmegaTheta , 3 , 27.666666666666668
TheReadMenace , 4 , 11.75
pneumaticslaughter , 2 , 0.5
windmuffin , 2 , 1.5
othellothewise , 10 , 30.3
Fiftyfourac , 1 , 28.0
alystr , 1 , 24.0
Pleb-Tier_Basic , 9 , 12.333333333333334
LALALAKO , 1 , 0.0
lampcouchfireplace , 9 , 20.555555555555557
hoxhamania , 13 , 7.769230769230769
SHMA1837 , 1 , 6.0
ubermynsch , 3 , 7.666666666666667
Ach3rnar , 2 , 14.0
imfreakinouthere , 3 , 12.333333333333334
benzimo , 3 , 7.333333333333333
kyleehappiness , 8 , 5.75
sayer_of_things , 8 , 32.625
sparkymonroe , 5 , 8.8
Awpossum , 10 , 12.0
tivooo , 6 , 2.3333333333333335
Nemesysbr , 8 , 13.625
brdly_limit , 7 , 19.571428571428573
CritterTeacher , 4 , 10.0
algysidfgoa87hfalsjd , 8 , 8.25
awesomefaceninjahead , 1 , 7.0
Explosive_Diaeresis , 3 , -2.3333333333333335
fondue13 , 5 , 10.6
locallyunscene , 2 , 2.5
throwaway36213621 , 1 , 22.0
StumbleOn , 13 , 2.769230769230769
ZaP18 , 6 , 6.333333333333333
PrettyIceCube , 38 , 16.736842105263158
srsdthrow , 13 , 13.0
therapy , 21 , 17.761904761904763
dlgn13 , 10 , 10.8
marxism-feminism , 2 , 10.0
Lolor-arros , 36 , 18.36111111111111
Arsenious , 1 , 11.0
TheYetiCaptain1993 , 2 , 11.5
HarryLillis , 5 , 1.4
thinkonthebrink , 6 , 5.166666666666667
to_the_buttcave , 6 , 7.666666666666667
xdre , 1 , -1.0
unsuremeeple , 3 , 6.666666666666667
lcfparty15 , 8 , 5.0
just_an_ordinary_guy , 3 , 8.0
Aldawolf , 3 , 23.333333333333332
orderfromcha0s , 8 , 22.875
acatlady , 1 , 32.0
scampwild , 1 , 34.0
aaktor , 4 , 17.25
MadScientistFatale , 2 , 6.0
Jumpbutton , 1 , 7.0
LuisLN , 1 , 3.0
JustAnotherBrick , 1 , 19.0
burgeoning_philosoph , 1 , 12.0
miXXed , 1 , 8.0
Priorwater , 6 , 13.166666666666666
suto , 4 , 14.5
nuclearseraph , 1 , 19.0
moudougou , 6 , 13.333333333333334
sunkindonut149 , 2 , 1.5
gibbous_maiden , 4 , 3.75
ElectricFleshlight , 10 , 8.8
Occupier_9000 , 4 , 12.25
AmericanDakka , 7 , 29.428571428571427
amazingchickens , 3 , 12.0
HemmyNo , 1 , 22.0
Bananageddon , 14 , 25.071428571428573
gregdbowen , 10 , 11.3
buuda , 1 , 19.0
ParaNoxx , 3 , 6.666666666666667
Pixie79 , 4 , 3.75
leslieknopedout , 2 , 15.5
CoolCopacetic , 1 , 20.0
edmiborn , 1 , 5.0
KazakhToTheFuture , 1 , -6.0
Fyenwyw , 2 , 4.5
appers6 , 1 , 6.0
piyochama , 17 , 10.588235294117647
Box-Boy , 2 , 9.0
TemplesofSyrinx17 , 2 , 2.0
Siyel , 7 , 4.428571428571429
ijarritos , 1 , 8.0
regular_snake , 3 , 23.0
learntouseapostrophe , 3 , 7.333333333333333
FreddyBananas , 12 , 4.666666666666667
verbwork , 2 , 13.5
MarchToTorment , 2 , 14.0
jojothecasper , 1 , 7.0
thewaltzingbear , 1 , 8.0
Dezzy-Bucket , 1 , 7.0
sibeliushelp , 10 , 8.6
artificialsnow , 1 , 44.0
Ucumu , 1 , 15.0
PekkyFTW , 1 , 18.0
biskino , 2 , 10.5
AliceHouse , 6 , 5.5
Hate-the-Game_ , 12 , 17.666666666666668
Alexxm , 2 , 10.5
EternalFight , 1 , -1.0
Pumaplayssd , 2 , 8.0
mousewiz , 7 , 5.571428571428571
KUmitch , 5 , 8.0
kgberton , 5 , 16.8
Morbidgrass , 1 , 2.0
Wobblie , 1 , 3.0
PurpleKneesocks , 1 , 62.0
ThinkMinty , 15 , 15.133333333333333
alcockell , 4 , 10.75
TheWutBot , 1 , 3.0
Spectrum_Yellow , 2 , 4.0
archaeonaga , 3 , 10.0
kissedbyfire9 , 3 , 2.6666666666666665
greyhunter4 , 2 , 13.5
Redmathead , 1 , 44.0
Golden_oldies56 , 1 , 0.0
accreddits , 1 , 3.0
JagoKestral , 1 , 8.0
natalchile , 3 , 15.333333333333334
chris-bro-chill , 3 , 18.666666666666668
inngrinder , 13 , 16.846153846153847
Amandrai , 1 , 64.0
Protanope , 10 , 20.2
IAmASolipsist , 6 , 9.0
curiiouscat , 3 , 12.333333333333334
CheltenReddit , 3 , 3.3333333333333335
Borachoed , 9 , 6.777777777777778
Hindu_Wardrobe , 7 , 10.0
qnvx , 1 , 0.0
TrulyWondering , 1 , 11.0
OlderThanGif , 1 , 10.0
Gigadweeb , 6 , 9.833333333333334
JegLiker , 1 , 5.0
Inklina , 1 , 25.0
Azuredawn , 1 , 30.0
TheUnwrittenEnding , 2 , 4.0
charliek_ , 3 , 4.333333333333333
Neo24 , 22 , 13.545454545454545
nobuddysuspicious , 3 , 25.666666666666668
TheBellmanHimself , 5 , 19.4
carl234d6 , 1 , 55.0
Pete_Pete_and_Pete , 1 , 75.0
Scarytownterminator , 1 , 8.0
stereotype_novelty , 1 , 38.0
LongBowOolan , 6 , 7.5
efg444 , 1 , 2.0
hereforearthporn , 4 , 5.75
yer-what , 2 , -0.5
supergiantrobots , 1 , 8.0
OscarGrey , 5 , 8.6
koronicus , 15 , 13.0
Naggins , 17 , 14.529411764705882
positiveandmultiple , 5 , 3.8
chris_sasaurus , 1 , 1.0
trilldax , 2 , 24.5
call_it_art , 21 , 14.952380952380953
The_Prince1513 , 2 , 4.0
CorpseHeiress , 1 , 27.0
SJThrowa , 8 , 20.5
long-winded , 4 , 5.5
fosforsvenne , 6 , 13.166666666666666
holomanga , 1 , 1.0
insideofus , 8 , 20.75
creepris , 14 , 15.285714285714286
SpookyStirnerite , 14 , 21.785714285714285
Louie-dog , 1 , 19.0
LynxEsper , 1 , 6.0
UpholderOfThoughts , 1 , 3.0
SweetNyan , 14 , 16.071428571428573
InShortSight , 3 , 4.0
Queso_Gatame , 3 , 5.666666666666667
ButItWasMeDio , 4 , 4.5
Laser_Damselfish , 3 , 4.666666666666667
Batsy22 , 21 , 26.61904761904762
garnet420 , 1 , 3.0
emojiclast , 15 , 18.2
xmrsmoothx , 1 , 14.0
Champion101 , 1 , 1.0
CarmineCerise , 2 , 2.0
oratan , 1 , 21.0
__Albert_Einstein__ , 1 , 12.0
Ferociousaurus , 9 , 20.0
blertyuh , 1 , 2.0
selfiereflection , 1 , 1.0
redderthanthou , 1 , 56.0
jbob2011 , 3 , 24.333333333333332
Skyarrow , 5 , 27.8
grumpenprole , 2 , 4.5
RustLeon , 1 , 0.0
CandiwithanI , 1 , 40.0
Mitya_Fyodorovich , 7 , 4.142857142857143
thecrazing , 7 , 7.428571428571429
SoullessGingerCat , 2 , 56.0
3vadl , 1 , 39.0
evilnerf , 1 , 13.0
caninerosie , 4 , 8.5
bugs_bunny_in_drag , 2 , 18.5
ABMuhajir , 1 , 8.0
Viva_Zapata , 1 , 36.0
unwantedspork , 3 , 16.0
radspinner12 , 10 , 7.4
bushiz , 3 , 13.666666666666666
MobiusSonOfTrobius , 5 , 7.2
hazelnox , 2 , 35.5
ArchAngelleofJustice , 2 , 18.0
SchmegmaKing , 1 , 4.0
DisappointedLily , 2 , 9.0
lukeimyomama , 2 , 11.5
MeetTheTwinAndreBen , 1 , 7.0
directaction , 2 , 1.5
cycle2 , 2 , 11.0
Eric_Senpai , 1 , 10.0
SaucyChug , 1 , 6.0
gliph , 4 , 14.5
gorlaf , 3 , 3.3333333333333335
helpmegetgainsbros , 1 , 17.0
max_sil , 5 , 9.2
superexcellent12 , 1 , 0.0
lindseysometimes , 1 , 5.0
burbet , 8 , 7.0
sophandros , 2 , 2.0
boooooooooosh , 2 , 11.5
imogenbeeton , 1 , 3.0
MegaYanm3ga , 1 , 0.0
roswellthatendswell , 2 , 7.0
prawbawbly , 3 , 5.333333333333333
crimerave , 1 , 11.0
bear__patrol , 6 , 10.166666666666666
marilyn_monbroseph , 1 , 2.0
justcurious12345 , 4 , 4.75
marsjunkiegirl , 1 , 11.0
Sin2K , 10 , 7.5
fries_in_a_cup , 1 , 13.0
tuckedfexas , 1 , 9.0
cargdad , 1 , 14.0
DJBooks , 1 , 2.0
GreenBreenMachine , 19 , 20.263157894736842
Doc_Vestibule , 1 , -4.0
ShootingAnElephant , 3 , 16.333333333333332
Dennis-Moore , 1 , 18.0
possibly_a_fish4 , 3 , 14.0
iheartennui , 1 , 7.0
ampersamp , 18 , 13.5
WurmEater , 7 , 5.857142857142857
tupendous , 5 , 10.2
PinheadXXXXXX , 1 , 6.0
FakeyFaked , 3 , 5.0
Uthrar , 3 , 2.6666666666666665
iHeartCandicePatton , 2 , 7.0
BrightonGoose , 1 , 9.0
alexandriaweb , 1 , 8.0
gnodez , 5 , -1.8
Micromeds , 1 , 5.0
aStarving0rphan , 1 , 5.0
elhaupto , 1 , 19.0
SylveoPlath , 5 , 17.4
snoopytheferret , 1 , 2.0
cdubious , 4 , 13.25
DL757 , 3 , 5.333333333333333
jannvancena , 2 , 5.5
StarmanGhost , 4 , 8.25
JohnHenryAaron , 1 , 11.0
pgc , 1 , 26.0
artoriouss , 1 , 2.0
Lord_Blathoxi , 2 , 11.5
Katamariguy , 2 , 8.0
lavitaebella1 , 1 , 5.0
day-ja-voo , 3 , 35.0
FaceofMoe , 1 , 37.0
2xtroubleboilnbubble , 1 , 3.0
arbitrariness , 1 , 24.0
Meshleth , 4 , 8.25
TheUnholyCuck , 2 , 23.0
Suddenly_Elmo , 4 , 9.75
Kelsig , 6 , 2.5
StrongStyleSavior , 3 , 16.666666666666668
doyouknowBRD , 8 , 15.125
VulpineTaco , 1 , 9.0
TerryCavanagh , 1 , 3.0
Khorib , 2 , 3.0
RAGING_VEGETARIAN , 5 , 33.2
goerben , 2 , 23.5
gointothedark , 4 , 7.75
moriquendi37 , 2 , 4.5
origamiashit , 3 , 7.0
sitarshred , 1 , 32.0
TheWulfSage , 1 , 5.0
Meedina , 3 , 9.0
captionquirk , 3 , 6.666666666666667
SleeplessAndConfused , 1 , 27.0
StegosaurusArtCritic , 7 , 18.0
wineandcheese , 3 , 8.333333333333334
Critcho , 3 , 12.333333333333334
StaccatoH , 3 , 9.666666666666666
Leftieswillrule , 5 , 9.2
SavageSavant , 3 , 1.6666666666666667
ultimamax , 13 , 25.46153846153846
gamegyro56 , 14 , 10.071428571428571
Sikenside2-EvenWorse , 1 , 1.0
Okla_dept_of_tourism , 1 , 1.0
ludivico_technique , 5 , 13.8
VladNZ , 1 , 3.0
TheBellJarCurve , 1 , 5.0
samuentaga , 1 , 3.0
sh202 , 2 , 3.0
SynJu , 1 , 13.0
cojoco , 4 , 12.5
Trekky0623 , 3 , 17.666666666666668
Onurubu , 2 , 9.0
Grammatical_Aneurysm , 2 , 6.0
BadGoyWithAGun , 1 , 1.0
freudianasaurus , 2 , 10.5
ryanstraker , 4 , 11.0
Mamothamon , 5 , 4.0
SusuKacangSoya , 1 , 1.0
thechiefmaster , 3 , 6.333333333333333
hipstergarrus , 11 , 8.363636363636363
fuming_arsole , 6 , 1.8333333333333333
christmastiger , 2 , 5.0
cupcake84 , 1 , 2.0
blacklivesmatter2 , 3 , 3.0
scifigeek83 , 8 , 9.75
plaid28 , 7 , 13.0
CapLavender , 2 , 8.0
SevenLight , 18 , 10.944444444444445
MofuckaOfInvention , 1 , 2.0
PikaKyri , 2 , 5.5
Tiothae , 2 , 3.0
efmwlk , 1 , 4.0
jfpbookworm , 4 , 5.25
srhbutts , 2 , 12.5
Ahabs_Pegleg , 1 , 27.0
CaptainAirstripOne , 1 , 20.0
conker_27 , 1 , 25.0
aufderheid-and-seek , 3 , 7.666666666666667
oh_no_aliens , 1 , 2.0
shirshine , 1 , 6.0
MyAnDe , 2 , 18.5
lumpenspaceprole , 9 , 9.555555555555555
blooperreddituk , 2 , 12.5
jus_sayin_bro , 1 , 7.0
tregitsdown , 2 , 9.5
AlwaysGoingHome , 2 , 7.5
hnasarat , 3 , 0.6666666666666666
ravia , 2 , 6.0
Ninjabattyshogun , 1 , 3.0
merleau-ponty , 9 , 12.444444444444445
sphericalbeaver , 1 , 2.0
schassaugat , 7 , 19.0
middlegray , 1 , 13.0
tropicalObject , 1 , 5.0
kgb_travel_agent , 1 , 15.0
waterswaters , 4 , 9.5
Reso , 1 , 15.0
SubSolSubUmbraVirens , 1 , 6.0
evilpenguin234 , 1 , 22.0
Ludendorff , 2 , 34.0
mcmjolnir , 2 , 22.5
superthebillybob , 1 , 24.0
CloneSix , 1 , 15.0
DatParadox , 1 , 9.0
nationpower , 1 , 6.0
jamiemm , 4 , 4.25
mindscent , 2 , 3.5
JeffKSkilling , 1 , 24.0
xSkiller , 6 , 12.333333333333334
T-nawtical , 2 , 6.5
deja_booboo , 2 , 31.0
hobocactus , 4 , 6.5
VexAndSilence , 8 , 6.125
w0lfi3 , 3 , 24.333333333333332
MiaLovesGirls , 1 , 2.0
CaptainCallus , 5 , 6.8
qlnufy , 1 , 73.0
craftycthonius , 2 , 17.0
afortify , 1 , 7.0
ElolvastamEzt , 4 , 16.75
Williamfoster63 , 1 , 4.0
SinlessSinnerSinning , 1 , 3.0
Whimsicalbox , 1 , 1.0
Daealis , 1 , 6.0
AbyssalWyrmwell , 1 , 5.0
tbeysquirrel , 2 , 18.0
Mega_Matter , 2 , 33.5
Edogaa , 4 , 4.0
MOON_MOON_MOON , 6 , 10.0
DramShopLaw , 3 , 2.6666666666666665
Chisaku , 1 , 3.0
MonkeySpanker187 , 1 , 1.0
bin96 , 1 , 14.0
MarxBro2 , 5 , 9.2
CellophanePunk , 2 , 2.5
reptar_cereal , 2 , 4.0
deleigh , 1 , 11.0
relationshipdownvote , 1 , 3.0
full-wit , 1 , 0.0
BaronVonBaller , 2 , 9.5
Entropian , 1 , 0.0
zzxyyzx , 2 , 2.0
PM_ME_A_FACT , 2 , 3.0
Memeonomist , 7 , 23.142857142857142
FrozenTrident , 1 , 131.0
chowdahdog , 2 , 4.0
WhyWyoming , 1 , 55.0
Katrengia , 1 , 47.0
timant123 , 1 , 83.0
Mistling , 13 , 12.692307692307692
Hadge_Padge , 2 , 6.0
pods_and_cigarettes , 3 , 11.0
MinnesotaLuke , 7 , 7.857142857142857
DJchutzpah , 2 , 16.0
labcoat_samurai , 4 , 4.0
farfarawayS , 2 , 1.5
AndThenThereWasBro , 1 , 1.0
JohnJoe344 , 2 , 46.5
SoupTyrant , 2 , 6.5
dratthecookies , 4 , 10.25
socialilliterate , 4 , 8.75
__roasted , 8 , 25.375
Saytahri , 2 , 11.5
hty6 , 3 , 16.333333333333332
cruxclaire , 4 , 6.5
Timonidas , 1 , 1.0
LIATG , 2 , 12.0
iamashithead , 3 , 16.0
alos20 , 1 , 2.0
needspapers , 1 , 9.0
Shady2707 , 3 , 11.666666666666666
DrFilbert , 7 , 4.857142857142857
ScialJsticeWlnut , 1 , 1.0
hatrickpatrick , 2 , 11.5
Dakka762x51 , 3 , 27.0
SlavophilesAnonymous , 1 , 13.0
JojoBaliah , 1 , 8.0
__env , 2 , 3.5
GenericGropaga , 4 , 15.0
fabiolanzoni , 1 , 22.0
thinksrsly , 2 , 8.5
scholarthrowaway11 , 4 , 18.25
Chrristoaivalis , 1 , 22.0
MeleePrompter , 2 , 23.0
anniedesu , 2 , 3.5
SRBs_FTW , 1 , 22.0
hairmorehair , 1 , 9.0
JRSlayerOfRajang , 8 , 8.625
spacelincoln , 8 , 18.5
FyeahWords , 1 , 2.0
447u , 3 , 2.0
Jozarin , 2 , 4.0
maserlaser , 1 , 53.0
Sir_Green_Britches , 2 , 4.0
fuck_cis_shit , 1 , -1.0
engjl , 1 , 9.0
Skinjacker , 1 , 10.0
crumbedfish , 1 , 20.0
_-Rob-_ , 2 , 17.0
autbel , 4 , 8.0
kvancek , 1 , 2.0
DragonPigs , 1 , 21.0
AsABlackMan , 1 , 80.0
Waitwhatnow , 18 , 15.333333333333334
An_Inside_Joke , 2 , 11.0
dapperfoxviper , 1 , 7.0
mollymollykelkel , 1 , 3.0
misandry_compiler , 6 , -2.1666666666666665
lackingsaint , 3 , 38.0
BelleYourSebastian , 2 , 41.5
NormalNormalNormal , 4 , 6.0
Red_of_Head , 2 , 3.0
habicht_ , 1 , 4.0
fajardo99 , 3 , 20.0
Fiery1Phoenix , 5 , 8.6
HayleyKJ , 1 , 34.0
computeBuild , 8 , 16.75
Spentworth , 1 , 11.0
bold_Innovictus , 2 , 1.5
MrFrode , 4 , 1.5
pillow_is_mai_waifu , 1 , 15.0
RedFlag420 , 2 , 9.5
asublimeduet , 6 , 9.666666666666666
Tgunner192 , 2 , 5.5
kill_all_males , 6 , 6.166666666666667
Newepsilon , 3 , 7.666666666666667
film_faker , 1 , 17.0
robertsada , 1 , 1.0
CuckMeHardPlz , 2 , 3.0
MilitaryBees , 1 , 1.0
SometimesBob , 1 , 1.0
Scoates2 , 5 , 7.0
rcn2 , 5 , 21.6
itgotyouthisfar , 1 , 10.0
OlMaster , 1 , 2.0
CatWhisperer5000 , 2 , 23.0
rng_09 , 1 , 4.0
forcefielddog , 1 , 1.0
barkingnoise , 2 , 5.5
PlopYourBallsack , 1 , 3.0
Lost_in_GreenHills , 2 , 6.5
jellyfishprince , 4 , 5.25
1000LyingWhores , 3 , 18.333333333333332
StaceyDashIsARat , 2 , 4.5
tudelord , 1 , 12.0
tsim01 , 2 , 17.0
Bigman_like_giroud , 1 , 19.0
YourShoelaceIsUntied , 2 , 6.0
tschwib , 2 , 7.5
GearyDigit , 1 , 1.0
Intortoise , 2 , 24.0
Macewindu89 , 3 , 14.0
enigmadash , 1 , 12.0
ShitSaidByReddit , 4 , 19.25
Hyaaaaa , 1 , 9.0
SwarlyB , 1 , 1.0
Successor12 , 2 , 2.0
quietthomas , 1 , 1.0
IndiasMafia , 1 , 0.0
PM_ME_FANTASY_WORLDS , 3 , 4.666666666666667
6ThreeSided9 , 1 , 3.0
republicannarnia , 1 , 91.0
Laer_tees , 1 , 68.0
youabsolutelymustbej , 3 , 36.333333333333336
rougecrayon , 5 , 4.0
Jeep-Eep , 3 , 3.0
Gordon_Gano , 3 , -1.3333333333333333
The_Ebb_and_Flow , 3 , 18.666666666666668
imfinethough , 4 , 16.25
beautifulexistence , 2 , 14.5
CupcakesAreGayMuffin , 5 , 12.6
Blow-Football , 1 , 12.0
anusswank , 1 , 58.0
elitewarrior5423 , 1 , 1.0
AnalyticalAlpaca , 7 , 8.142857142857142
tiantaa , 2 , 15.5
BATMANWILLDIEINAK , 3 , 11.666666666666666
kitapillar , 7 , 8.714285714285714
Iceyfresh21 , 3 , 2.0
wingtoheavyarms , 18 , 24.11111111111111
Diverfree , 4 , 9.5
__alex__kojeve__ , 1 , 6.0
10z20Luka , 2 , 19.0
fishfeathers , 1 , 14.0
onlykindagreen , 1 , 5.0
TheLardVader , 5 , 3.8
Doffillerethos , 15 , 24.8
Knozs , 6 , 7.666666666666667
obstinate_ , 5 , 11.6
GrindcorePeaches , 1 , 3.0
rstcp , 4 , 8.25
PrinceLyovMyshkin , 6 , 4.0
Archangelle_Adelle , 7 , 5.0
Xarcies , 2 , 1.5
ParamoreFanClub , 1 , 6.0
werebothsquidward , 2 , 8.5
telcontar42 , 1 , 12.0
averagehk , 7 , 5.285714285714286
scent-free_mist , 2 , 31.0
sidewalkill , 1 , 1.0
64m3r , 1 , 2.0
foosal , 1 , 7.0
celtain , 1 , 45.0
Ducks_Eat_Bread , 1 , 11.0
ouendanation1 , 5 , 9.2
abortionfetishist , 1 , 35.0
i_like_polls , 2 , 2.0
Zyphalis , 1 , 4.0
11218 , 3 , 3.3333333333333335
duck-duck--grayduck , 1 , 1.0
chocobi , 3 , 11.666666666666666
TheLastHayley , 1 , 57.0
AnalogDogg , 1 , 1.0
UncleTurdsworth , 1 , 14.0
Vault91 , 5 , 8.4
typhoidgrievous , 3 , 9.666666666666666
GetsTrimAPlenty , 1 , 2.0
sunrose8 , 2 , 14.5
A_Dubious_Rat , 2 , 40.0
WorseThanHipster , 2 , 5.5
emiliers , 8 , 7.0
1stMeFromTheSun , 1 , 2.0
CalibanDrive , 7 , 9.285714285714286
CircularityEnsued , 3 , 21.666666666666668
anarcho-cynicalist , 1 , 21.0
ghostofmishima , 6 , 7.333333333333333
litaddict , 1 , 2.0
Whind_Soull , 1 , 2.0
th3endthebeginning , 4 , 16.75
minnek , 1 , 55.0
characterslippers , 6 , 16.666666666666668
airus92 , 9 , 15.11111111111111
ihearsongs , 1 , 16.0
Sansa_Culotte_ , 3 , 12.0
liedra , 2 , 57.5
BRD20XX , 1 , 44.0
ResonantPyre , 1 , 7.0
hooplah , 1 , 30.0
hungarian_conartist , 1 , 7.0
newsaddiction , 1 , 13.0
rubbertreeplant1 , 3 , 16.666666666666668
Overlysensitivekant , 1 , 14.0
ayyyMacao , 1 , 30.0
abigscarybat , 1 , 16.0
orek74 , 10 , 15.9
Second_Harvest , 1 , 45.0
cincycusefan , 2 , 27.5
jobla6 , 2 , 6.0
squirrelia , 1 , 51.0
indigo945 , 3 , 24.333333333333332
VulgarExigencies , 1 , 42.0
deltaSquee , 1 , 3.0
chinggis_khan27 , 4 , 6.5
flyafar , 1 , 8.0
insidescreamingvoice , 1 , 3.0
FuckingWrites , 1 , 18.0
scottsouth , 1 , 4.0
kenwud , 1 , 14.0
goldenrobotdick , 1 , 15.0
Voidkom , 3 , 5.666666666666667
GetSongified , 1 , 17.0
caliburdeath , 1 , 15.0
vikksorg , 1 , 75.0
Madsdavidson , 3 , 3.3333333333333335
MatthewsNewAccount , 1 , 10.0
jlodson , 1 , 0.0
Mac8v2 , 1 , 11.0
Cathousechicken , 1 , 2.0
thisis_badnews , 3 , 26.333333333333332
chemysterious , 1 , 51.0
Zaitur , 2 , 1.5
ehomba , 2 , 14.5
TwoTacoTuesdays , 1 , 27.0
lizard450 , 3 , 6.333333333333333
Caduceus_Imperium , 2 , 1.5
whitepplarecancer , 1 , 2.0
fireswater , 1 , 18.0
heartbeats , 1 , 28.0
dready , 6 , 16.5
Goatsac , 1 , 10.0
StNicla5 , 1 , 13.0
Ember718 , 1 , 5.0
glass-webs , 2 , 28.5
LargeDonkey , 1 , 2.0
Padexin , 1 , 4.0
itchy_sailor , 4 , 2.75
arrivederciTina , 2 , 16.0
individualist_ant , 3 , 17.0
Koeida , 2 , 29.0
souprize , 10 , 10.4
lolasaurusrex1234 , 1 , 18.0
dude190 , 3 , 7.666666666666667
mowerburke87 , 1 , 5.0
Jugglnaught , 3 , 2.0
into_lexicons , 7 , 9.571428571428571
xlop2 , 9 , 18.22222222222222
penis-in-the-booty , 1 , 15.0
BeaSk8r117 , 3 , 6.0
PAetc , 1 , 3.0
TakeMeInYourArmy , 1 , 1.0
hyunrivet , 2 , 9.5
AntonioGatesMcFadden , 1 , 14.0
A_GRAMMER_NAZI , 1 , 3.0
sigilvii , 7 , 8.285714285714286
A0220R , 1 , 11.0
WhiskeyOnASunday93 , 1 , 3.0
lalliesaurus , 6 , 10.166666666666666
fatherhamlet44 , 1 , 17.0
Ams1977 , 2 , 8.0
NomVet , 3 , 22.0
pomegra , 1 , 7.0
FakeThrowawayNews , 1 , 22.0
WinTurkey , 1 , 9.0
lurkingandthinking , 1 , 55.0
former-rms-acolyte , 2 , 0.5
kjve_ , 5 , 0.6
2four , 1 , 40.0
torpidcerulean , 4 , 10.25
ViolaNguyen , 1 , 12.0
TreezusSaves , 1 , 4.0
summerof2010 , 2 , 6.0
AtheistJewThrowaway , 1 , 4.0
skinnyguy699 , 1 , 2.0
thefrontpageofreddit , 11 , 18.363636363636363
flobbertigibbet , 6 , 38.0
catbrainland , 3 , 13.333333333333334
saccharind , 1 , 13.0
fromtheheartout , 4 , 5.0
mixlunar , 2 , 47.5
alt1911 , 1 , 12.0
LoveJustHate , 1 , 1.0
frankferri , 1 , 1.0
DanClearyFan , 1 , 7.0
Camputio , 1 , 4.0
horus7 , 1 , 16.0
acenanoor , 2 , 34.5
chaiale , 2 , 11.0
MistakeNotDotDotDot , 4 , 11.75
BannedFromImzy , 1 , 1.0
PanopticPoetics , 1 , 13.0
dnietz , 2 , 2.5
Kareem_Jordan , 1 , 1.0
GreenGod , 1 , 2.0
Tommer_man , 4 , 3.0
MichaelPenn , 1 , 1.0
kelltain , 1 , 31.0
shipfullofsailors , 1 , 28.0
Iderivedx , 1 , 14.0
thefinestpos , 1 , 19.0
MemberNoWhites , 8 , 11.875
JellyDynomite , 1 , 11.0
angryqueerfeminist , 1 , 38.0
focus_rising , 1 , 14.0
FallacyExplnationBot , 1 , 0.0
TheKingOfKolo , 1 , 1.0
Felicia_Svilling , 8 , 21.125
brainburger , 1 , 10.0
ilikesnakes , 1 , 1.0
Safety_Dancer , 4 , 2.75
ThePuppersSocks , 1 , 6.0
runolo5 , 1 , 3.0
cmoraUSGP , 2 , 4.0
ReadyForTheCake , 1 , 28.0
patriarchypanties , 2 , 1.0
kyousaya4life , 4 , 17.25
d3rtus , 1 , 37.0
Aint_I_A_Woman , 1 , 11.0
Sihplak , 2 , 35.5
ShitFacedSteve , 11 , 23.272727272727273
KateTheAwesome , 1 , 17.0
MemeMeUpFamilia , 2 , 21.0
kfkz , 2 , 25.5
Franeg , 3 , 14.333333333333334
SewdiO , 2 , 31.0
digableplanet , 2 , 28.0
silverporsche00 , 4 , 9.5
theorymeme , 1 , 15.0
nigstomper1488 , 1 , 4.0
bubblegumpandabear , 7 , 8.714285714285714
StudentRadical , 1 , 21.0
MasterlessMan333 , 6 , 26.5
petrolterp , 7 , 10.142857142857142
alexandr_kojeve , 2 , 9.5
Personage1 , 9 , 10.777777777777779
WhereIsHarryTruman , 1 , 5.0
PiranhaJAC , 1 , 2.0
rKAPPAbd , 1 , 32.0
tothestore , 6 , 8.0
Browncoat101 , 2 , 23.5
knechtsunderstudy , 1 , 2.0
agreatgreendragon , 23 , 11.0
ovulateworld , 1 , 13.0
twoweektrial , 1 , 3.0
purgeSort , 1 , 2.0
posts_awkward_thread , 4 , 13.5
Antonomon , 1 , 23.0
unportrait , 2 , 14.5
Tofu24 , 1 , 13.0
socialister , 4 , 12.0
Jesuiner , 6 , 6.5
EricHerboso , 1 , 22.0
iavshttwd , 1 , 6.0
lile001 , 1 , 17.0
swiftshirting , 5 , 12.2
Silkkiuikku , 10 , 8.2
chinese___throwaway3 , 4 , 6.5
rroastme , 2 , 1.5
1egbeard , 1 , 9.0
adminsRsmartandfunny , 4 , 17.5
aeidi , 1 , 41.0
MurderOfDoves , 1 , 26.0
somethingclvr , 2 , 8.0
contravariant_ , 9 , 13.777777777777779
panopticonstructor , 4 , 14.75
Wohlf , 1 , 2.0
Shay_Han , 1 , 13.0
NotJustAMachine , 5 , 6.2
titotal , 1 , 3.0
mujahida67 , 4 , 6.0
24lejon , 5 , 6.0
theltrtduck , 2 , 8.0
Quetzalquartz , 9 , 15.222222222222221
fatbootycelinedion , 2 , 7.0
ultralight__meme , 1 , 16.0
jetpackswasyes , 1 , 2.0
sappho_III , 1 , 1.0
synkronized , 1 , 10.0
nahuralright , 1 , 14.0
andyk123pony , 1 , 33.0
Top_Marx_91 , 1 , 10.0
LeftCoastGrump , 2 , 10.0
MerretVue , 1 , 11.0
CouldveBeenPoofs , 1 , 40.0
IlSoleNuovo , 5 , 12.6
Biomirth , 4 , 5.25
xmlns , 1 , 5.0
Shino_Ayashi , 2 , 19.5
AudioLifter , 2 , 49.0
AKnightAlone , 2 , 21.0
SocraticMethHead , 1 , 4.0
bopoll , 7 , 8.285714285714286
HumanScumFuck , 1 , 5.0
Anarcho_Cyndaquilist , 8 , 12.75
AspieComrade , 1 , 11.0
evrAu , 1 , 9.0
AbstractProxyFactory , 5 , 4.0
cuddlegoop , 3 , 34.0
falconberger , 1 , 1.0
WutTheDickens , 1 , 10.0
ObviousZipper , 7 , 7.571428571428571
nmchompsky , 1 , 8.0
MySilverWhining , 2 , 19.0
Fungo , 1 , 7.0
hamburqa , 1 , 16.0
Roberto_Della_Griva , 4 , 8.5
nevernotdating , 1 , 11.0
joecomatose , 1 , 10.0
mcmanusaur , 2 , 13.5
throwaway12423145123 , 5 , 7.6
graminouling , 1 , 8.0
Iok-Kujan , 1 , 2.0
ElectricCrepe , 3 , 13.0
Arjunt1217 , 1 , 44.0
weagle-weagle , 3 , 4.666666666666667
operratic , 10 , 9.2
Iybraesil , 3 , 18.333333333333332
poropon , 3 , 9.333333333333334
OnAKaiserRoll , 3 , 12.333333333333334
onan , 1 , 8.0
the_rickiest_rick , 3 , 4.333333333333333
pearlfire , 1 , 2.0
potatoes_of , 2 , 4.5
FairyLip , 4 , 5.0
muhreeoh , 1 , 2.0
Against_Everything , 2 , 11.5
Devoidus , 1 , 2.0
GreedoGrindhouse , 1 , 2.0
iamelben , 1 , 25.0
DOOM_feat_DOOM , 1 , 9.0
tadm123 , 1 , 1.0
HonorCodeFuhrer , 2 , 15.5
no_under_only_over , 5 , 2.0
6ZcPKf7jjSOpzyCyNom1 , 3 , 7.333333333333333
LillaTiger , 1 , 2.0
Palentir , 1 , 1.0
cattermelon34 , 1 , 4.0
LtHymenBuster , 4 , 21.25
Young_Neil_Postman , 1 , 8.0
HettesKvek , 1 , 4.0
Bonejob , 5 , 8.0
LimeWeavile , 6 , 9.666666666666666
hexacat , 1 , 7.0
AgoAndAnon , 2 , 9.0
TheEpicKorvix , 7 , 2.142857142857143
progressivemedialist , 1 , 12.0
masquedRider , 1 , 27.0
ditch_shaped_hole , 2 , 7.5
rmkinnaird , 4 , 9.5
wasntbeingfilmed , 3 , 4.666666666666667
BachiBaziFriend , 3 , 5.333333333333333
grottohopper , 6 , 7.833333333333333
shahryarrakeen , 1 , 4.0
JayJayMullen , 1 , 5.0
FormerlyPrettyNeat , 1 , 5.0
solorathain , 2 , 15.5
argandh2 , 1 , 14.0
GuidoWeedo , 1 , 4.0
BuffTuffBanner , 1 , 25.0
m7u12 , 1 , 17.0
Thashirrim , 1 , 3.0
Ginger_Snap_Fl , 1 , 11.0
JSav7 , 1 , 6.0
svatycyrilcesky , 1 , 3.0
mellowcrake , 3 , 22.0
Stickmanville , 2 , 34.5
janersm , 1 , 24.0
med-labbing , 3 , 15.333333333333334
ElvenNeko , 2 , 4.0
brown-aye , 6 , 10.5
RoundDuckMan , 1 , 3.0
MDAVIDSON123 , 2 , 15.5
TheDoubtingDisease , 1 , 42.0
noydbshield , 2 , 3.5
Mordisquitos , 1 , 6.0
MerretVueTwo , 1 , 4.0
OldWoundsOfWar , 1 , 20.0
uraniumfire , 1 , 19.0
ouhdsfoahsdlh , 3 , 6.666666666666667
DishwashingWingnut , 2 , 11.5
Zapf , 1 , 33.0
Nic_Cage_Match_2 , 9 , 15.222222222222221
shindou_katsuragi , 1 , 13.0
amiaheroyet , 1 , 22.0
youthdecay , 2 , 55.0
SOCIAL_JUSTICE_NPC , 9 , 12.555555555555555
Blonto , 2 , 5.5
DeseretRain , 1 , 33.0
whYdOihaVe2baliVE , 1 , 0.0
ClockToeTwins , 1 , 7.0
_Parabellum_ , 2 , 23.0
analystdude , 2 , 23.5
meowcarter , 2 , 1.5
polar_unicorn , 2 , 9.5
Drummergirl16 , 1 , 6.0
magic_missile , 4 , 11.5
krustyarmor , 2 , 8.5
empty_noodles , 1 , 9.0
throwmyaccountawayyo , 1 , 8.0
Armian , 1 , 1.0
regretsihavefew , 4 , 5.0
PWR_BTTM , 1 , 2.0
witchofrosehall , 4 , 18.0
existentialhack , 1 , 1.0
alexbaldwinftw , 1 , 5.0
SuperFrankLamps , 1 , 4.0
depadd , 1 , 1.0
Sn00r1 , 1 , 36.0
JStengah , 5 , 11.0
KentabooRex , 1 , 27.0
sponge_bob_ , 2 , 7.0
BeamBrain , 7 , 9.857142857142858
angrybirds65 , 1 , 61.0
Xram-Lrak , 6 , 14.666666666666666
AhYeahStark , 5 , 4.8
bibito_ergo_sum , 2 , 2.0
fdelta1 , 1 , 10.0
AmeriCossack , 1 , 2.0
Potat_Potat , 1 , 17.0
Mustaka , 2 , 15.5
MrDeerp , 1 , 17.0
mendihandia , 1 , 2.0
tweez , 3 , 2.3333333333333335
bluemtndew , 2 , 3.5
GeneralShivers , 2 , 15.5
presentEgo , 1 , 2.0
My_Vacuum_Sucks , 2 , 1.5
Kilo5 , 5 , 5.0
mac_dooney , 1 , 2.0
CinnamonPastry , 3 , 9.333333333333334
Im_A_Manly_Man , 2 , 10.0
Infinite_bread_book , 3 , 6.666666666666667
zikabrains , 6 , 11.5
esperadok , 1 , 10.0
AgentWitneyWiggleton , 2 , 18.0
arthur_figgis , 2 , 24.0
Sabrovitch , 1 , 11.0
Terpomo11 , 1 , 1.0
______________pewpew , 3 , 8.0
ConsoleWarCriminal , 2 , 2.5
bear___patrol , 1 , 2.0
PeekAndPie , 4 , 12.75
notafuckboy , 1 , 70.0
icameron , 1 , 31.0
Tim_Theory , 1 , 42.0
GermanDeath-Reggae , 2 , 8.0
alacrandeira , 4 , 4.75
Kingy_who , 1 , 22.0
PsychedelicBadBoy , 2 , 9.0
RevisedThoughts , 1 , 17.0
Looking4Maria , 3 , 8.333333333333334
groovedredger , 8 , 1.375
kroen , 4 , 4.25
Tupperware_party , 1 , 12.0
Jolcas , 1 , 3.0
chaucolai , 2 , 6.0
SuitableDragonfly , 2 , 3.0
Losada55 , 2 , 5.0
magpiecub , 1 , 15.0
TheyDidItFirst , 2 , 13.5
clothmom1211 , 2 , 18.5
Uthe281 , 1 , 15.0
Gamer_152 , 6 , 8.166666666666666
johnnyslick , 1 , 3.0
eattherichnow , 3 , 14.666666666666666
waronmugs , 1 , 1.0
Leninator , 4 , 13.75
RJSAE , 17 , 11.941176470588236
dntmesswithtx_ , 1 , 2.0
FaceyBits , 2 , 7.0
wintermute-is-coming , 6 , 13.0
boardman2 , 1 , 7.0
MapleSyrupHockey , 4 , 6.0
shaveyourchin , 1 , 17.0
phantombraider , 1 , 3.0
ttoj , 1 , 28.0
roqueofspades , 1 , 7.0
TC84 , 1 , 1.0
Synaps4 , 1 , 1.0
tuseroni , 1 , 1.0
cowsonmars1 , 1 , 9.0
framboisey , 3 , 2.0
Slyme_JR , 1 , 6.0
confessionberry , 2 , 13.0
Ricketysyntax , 1 , 7.0
chief-wiggam , 5 , 5.6
GLPmatty , 2 , 4.5
cryaboutitthen , 5 , 1.2
SoftlyAdverse , 2 , 8.0
whatwatwhutwut , 2 , 2.5
gasdoi , 1 , 1.0
cool_and_nice , 1 , 11.0
Kroutoner , 1 , 11.0
NoahSansM7 , 1 , 6.0
Azerate2 , 2 , 1.5
eoz , 1 , 17.0
jockstrapsmell , 4 , 13.25
Vostochis , 1 , 27.0
Cornexclamationpoint , 1 , 0.0
Rithense , 3 , 10.333333333333334
004forever , 1 , 15.0
Disabledsnarker , 1 , 3.0
SomeBlokeDownTheRoad , 3 , 12.0
brokeforwoke , 2 , 11.0
Laura-Lastname-Lost , 2 , 8.0
Welpmart , 1 , 15.0
rhetoricetc , 2 , 8.5
notlennybelardo , 1 , 3.0
CaptainEntropic , 1 , 1.0
YouKnowGeorge , 1 , 6.0
jmchoi123 , 1 , 32.0
pooopooopooopooo , 1 , 7.0
garaile64 , 2 , 2.5
grey_wolf_sif , 1 , 8.0
EatingBeansAgain , 1 , 2.0
datone , 2 , 9.5
connie_esposito , 1 , 1.0
wild_muses , 1 , 40.0
Chel_of_the_sea , 3 , 2.6666666666666665
LesbianChemicalPlant , 2 , 13.5
TheBigCon4800 , 5 , 11.0
Toxic_assAssin , 1 , 24.0
ActiveSurgery , 7 , 5.857142857142857
toni_toni , 1 , 1.0
burek_japrak , 2 , 2.5
Violet_Nightshade , 2 , 7.0
danielg00 , 2 , 1.5
DecafDevilsAdvocate , 1 , 2.0
DaneLimmish , 1 , 1.0
Juncker , 1 , 10.0
stabbinU , 2 , 8.5
flashstorm , 1 , 15.0
yourethegoodthings , 1 , 11.0
sugabelly , 7 , 9.714285714285714
TrollingForDicks , 2 , -8.5
Aeehnrst , 2 , 1.5
ArchangelleOfHelle , 1 , 1.0
lemonflava , 1 , 1.0
bipass , 1 , 1.0
rosemilktea , 3 , 3.3333333333333335
honest_panda , 1 , 1.0
longtimedockhand , 1 , 1.0
Fempire-visitor , 6 , 18.333333333333332
Imnotsosureaboutthat , 1 , 13.0
thane311 , 2 , 22.0
londoncalling1212 , 1 , 3.0
Ulysses89 , 5 , 4.2
silveryfeather208 , 4 , 6.25
_Alsdf_ , 2 , 14.0
GrapeMeHyena , 1 , 5.0
Lallo-the-Long , 2 , 2.5
tktht4data , 1 , 1.0
arte_nova , 5 , 5.2
TransphobiaIsBrave , 1 , 7.0
sogayandoblivious , 1 , 1.0
jr44 , 1 , 1.0
ausernameofaperson , 1 , 1.0
adashofpepper , 1 , 10.0
SpoopyButtholes , 1 , 4.0
Hayate_Immelmann_ , 1 , 0.0
rangierfrosch , 3 , 2.0
Arcires , 1 , 7.0
SrBskiJeBik , 1 , 7.0
crashboom , 1 , 2.0
apostrophie , 2 , 0.5
SirGigglesandLaughs , 2 , 2.0
NinthAlex , 1 , 12.0
mercury996 , 2 , 2.5
Terry_Samuel , 1 , 2.0
De_Oscillator , 2 , 5.5
Hamuel , 1 , 11.0
lady_sable , 1 , 1.0
Laurelai3301 , 1 , 1.0
oneLguy , 2 , 24.0
mathemagicat , 2 , 30.5
throwaway8182399303 , 1 , 3.0
odoroustobacco , 1 , 7.0
MikeNice81 , 2 , 3.5
neukmijnpoepop , 2 , 9.5
Buffer78 , 1 , 10.0
AvinashTyagi1 , 3 , 2.0
gandalfsmagicgaydick , 3 , 6.333333333333333
latebricola , 1 , 4.0
cybershocker455 , 1 , 10.0
waywaymack , 2 , 2.0
heroduderox , 2 , 1.5
curiouskiwicat , 1 , 20.0
abyssinian , 1 , 9.0
programmerjim321 , 1 , 1.0
Thaboranoc , 1 , 9.0
MultidimensionalKris , 1 , 1.0
TheSpaceWhale , 1 , 4.0
